bench,bass_time,cvc5_time,ostrich_time,z3_time
instance00022.smt2,0.62,0.04,1.89,0.06
instance00049.smt2,0.59,0.03,1.79,0.07
instance00052.smt2,0.63,0.03,1.88,0.06
instance00055.smt2,0.58,0.03,1.68,0.06
instance00064.smt2,0.55,0.03,2.01,0.06
instance00073.smt2,0.58,0.04,1.85,0.07
instance00075.smt2,0.59,0.04,1.83,0.15
instance00076.smt2,0.58,0.04,1.67,0.06
instance00079.smt2,0.57,0.03,1.81,0.06
instance00086.smt2,0.58,0.06,1.8,0.08
instance00089.smt2,0.63,0.03,1.94,0.06
instance00097.smt2,0.62,0.03,1.83,0.06
instance00106.smt2,0.57,0.04,1.83,0.06
instance00115.smt2,0.59,0.03,1.82,0.06
instance00141.smt2,0.58,0.04,1.78,0.06
instance00154.smt2,0.57,0.03,1.9,0.06
instance00159.smt2,0.56,0.04,1.61,0.07
instance00180.smt2,0.48,0.03,1.86,0.06
instance00185.smt2,0.56,0.04,1.9,0.07
instance00186.smt2,0.57,0.03,1.91,0.07
instance00209.smt2,0.55,0.03,1.89,0.07
instance00214.smt2,0.57,0.04,1.9,0.06
instance00217.smt2,0.54,0.03,2.02,0.06
instance00219.smt2,0.57,0.03,1.77,0.06
instance00228.smt2,0.58,0.03,2.05,0.06
instance00248.smt2,0.55,0.04,1.86,0.07
instance00259.smt2,0.55,0.04,1.72,0.06
instance00285.smt2,0.61,0.03,1.92,0.07
instance00294.smt2,0.55,0.04,1.62,0.06
instance00302.smt2,0.52,0.04,1.97,0.06
instance00316.smt2,0.55,0.04,1.75,0.08
instance00323.smt2,0.61,0.04,1.86,0.08
instance00328.smt2,0.6,0.03,1.98,0.09
instance00332.smt2,0.57,0.03,1.94,0.07
instance00339.smt2,0.56,0.04,1.97,0.06
instance00355.smt2,0.54,0.05,1.92,0.06
instance00363.smt2,0.55,0.03,1.9,0.07
instance00375.smt2,0.59,0.04,2.0,0.06
instance00380.smt2,0.52,0.04,1.62,0.06
instance00394.smt2,0.56,0.03,1.93,0.06
instance00398.smt2,0.58,0.04,1.67,0.06
instance00400.smt2,0.63,0.03,1.87,0.06
instance00404.smt2,0.59,0.04,1.69,0.06
instance00406.smt2,0.56,0.04,1.92,0.07
instance00418.smt2,0.62,0.04,1.77,0.07
instance00430.smt2,0.55,0.03,1.61,0.07
instance00435.smt2,0.62,0.06,1.91,0.06
instance00463.smt2,0.56,0.02,1.78,0.08
instance00470.smt2,0.61,0.04,1.87,0.07
instance00476.smt2,0.6,0.03,2.11,0.07
instance00480.smt2,0.64,0.04,1.97,0.06
instance00481.smt2,0.55,0.03,1.95,0.07
instance00492.smt2,0.59,0.04,1.71,0.07
instance00495.smt2,0.56,0.03,1.87,0.08
instance00496.smt2,0.55,0.05,1.89,0.08
instance00497.smt2,0.58,0.04,1.99,0.07
instance00501.smt2,0.58,0.05,1.95,0.07
instance00519.smt2,0.55,0.03,1.61,0.06
instance00525.smt2,0.59,0.03,1.9,0.07
instance00530.smt2,0.54,0.03,1.87,0.06
instance00538.smt2,0.6,0.03,1.9,0.06
instance00586.smt2,0.55,0.04,1.93,0.06
instance00588.smt2,0.57,0.03,1.79,0.06
instance00609.smt2,0.54,0.03,1.99,0.06
instance00611.smt2,0.5,0.04,1.7,0.06
instance00617.smt2,0.56,0.04,1.82,0.05
instance00630.smt2,0.56,0.04,1.7,0.05
instance00640.smt2,0.59,0.03,1.9,0.06
instance00642.smt2,0.59,0.03,1.84,0.07
instance00647.smt2,0.57,0.03,1.74,0.07
instance00660.smt2,0.6,0.04,1.8,0.07
instance00661.smt2,0.57,0.04,1.96,0.06
instance00676.smt2,0.59,0.04,1.74,0.06
instance00677.smt2,0.61,0.03,2.01,0.07
instance00679.smt2,0.59,0.03,1.88,0.06
instance00686.smt2,0.55,0.04,1.85,0.06
instance00689.smt2,0.61,0.03,1.85,0.08
instance00713.smt2,0.61,0.04,1.91,0.07
instance00714.smt2,0.63,0.03,1.82,0.07
instance00715.smt2,0.6,0.04,1.79,0.07
instance00722.smt2,0.61,0.04,1.82,0.06
instance00730.smt2,0.6,0.03,1.83,0.07
instance00731.smt2,0.58,0.04,1.87,0.06
instance00740.smt2,0.56,0.02,1.75,0.06
instance00742.smt2,0.56,0.04,1.94,0.07
instance00765.smt2,0.63,0.04,1.87,0.07
instance00774.smt2,0.6,0.04,1.98,0.06
instance00776.smt2,0.49,0.04,1.8,0.07
instance00777.smt2,0.53,0.04,1.91,0.06
instance00782.smt2,0.53,0.03,2.08,0.07
instance00784.smt2,0.57,0.04,1.76,0.06
instance00793.smt2,0.55,0.04,1.9,0.14
instance00801.smt2,0.6,0.05,1.93,0.06
instance00804.smt2,0.52,0.03,1.89,0.07
instance00820.smt2,0.58,0.04,1.9,0.08
instance00827.smt2,0.56,0.04,2.01,0.07
instance00845.smt2,0.57,0.03,1.93,0.06
instance00847.smt2,0.48,0.03,1.87,0.06
instance00859.smt2,0.51,0.03,1.89,0.06
instance00860.smt2,0.51,0.03,1.81,0.06
instance00861.smt2,0.57,0.03,1.71,0.06
instance00862.smt2,0.57,0.03,1.62,0.06
instance00865.smt2,0.62,0.04,1.93,0.07
instance00883.smt2,0.55,0.03,1.85,0.08
instance00901.smt2,0.57,0.04,1.91,0.06
instance00905.smt2,0.47,0.03,1.77,0.06
instance00907.smt2,0.51,0.04,1.88,0.06
instance00918.smt2,0.55,0.03,1.71,0.07
instance00923.smt2,0.58,0.03,1.78,0.06
instance00935.smt2,0.54,0.04,1.9,0.06
instance00938.smt2,0.6,0.04,2.14,0.08
instance00948.smt2,0.53,0.02,1.67,0.07
instance00952.smt2,0.51,0.03,1.88,0.06
instance00956.smt2,0.59,0.04,1.7,0.06
instance00957.smt2,0.55,0.02,1.87,0.06
instance00961.smt2,0.52,0.04,1.85,0.06
instance00970.smt2,0.45,0.03,1.94,0.08
instance00977.smt2,0.58,0.05,1.76,0.06
instance00985.smt2,0.49,0.05,1.78,0.08
instance00986.smt2,0.6,0.05,1.91,0.1
instance01014.smt2,0.56,0.04,1.7,0.12
instance01023.smt2,0.46,0.03,1.7,0.08
instance01028.smt2,0.44,0.04,1.78,0.07
instance01030.smt2,0.47,0.03,1.9,0.07
instance01040.smt2,0.53,0.02,1.9,0.07
instance01048.smt2,0.57,0.04,1.92,0.08
instance01053.smt2,0.55,0.04,1.94,0.06
instance01054.smt2,0.56,0.04,1.93,0.08
instance01056.smt2,0.53,0.04,1.93,0.07
instance01057.smt2,0.53,0.04,1.92,0.08
instance01067.smt2,0.55,0.03,2.15,0.06
instance01088.smt2,0.6,0.03,2.01,0.07
instance01089.smt2,0.59,0.04,1.85,0.07
instance01101.smt2,0.53,0.02,1.83,0.1
instance01107.smt2,0.52,0.31,1.82,0.06
instance01121.smt2,0.61,0.04,2.08,0.07
instance01135.smt2,0.55,0.03,1.82,0.09
instance01146.smt2,0.63,0.05,2.09,0.08
instance01168.smt2,0.66,0.04,1.93,0.06
instance01189.smt2,0.65,0.03,2.13,0.07
instance01197.smt2,0.57,0.03,1.95,0.06
instance01235.smt2,0.52,0.05,1.86,0.06
instance01242.smt2,0.59,0.04,1.8,0.07
instance01256.smt2,0.59,0.03,1.71,0.08
instance01258.smt2,0.57,0.04,1.79,0.06
instance01271.smt2,0.59,0.04,1.86,0.1
instance01273.smt2,0.55,0.04,1.65,0.06
instance01274.smt2,0.58,0.02,1.7,0.06
instance01275.smt2,0.52,0.06,1.97,0.11
instance01277.smt2,0.57,0.04,2.15,0.08
instance01287.smt2,0.6,0.03,1.94,0.07
instance01297.smt2,0.49,0.03,1.89,0.1
instance01298.smt2,0.53,0.03,1.75,0.08
instance01325.smt2,0.52,0.03,2.05,0.06
instance01338.smt2,0.56,0.03,1.71,0.06
instance01353.smt2,0.57,0.04,1.89,0.06
instance01355.smt2,0.56,0.03,1.91,0.06
instance01359.smt2,0.54,0.02,1.84,0.06
instance01360.smt2,0.56,0.04,1.67,0.06
instance01361.smt2,0.6,0.03,1.98,0.09
instance01367.smt2,0.56,0.04,1.94,0.06
instance01368.smt2,0.57,0.04,1.92,0.06
instance01369.smt2,0.61,0.03,2.03,0.06
instance01376.smt2,0.56,0.04,1.91,0.06
instance01401.smt2,0.63,0.02,1.82,0.07
instance01402.smt2,0.57,0.02,1.8,0.06
instance01408.smt2,0.61,0.03,1.96,0.06
instance01410.smt2,0.61,0.04,1.77,0.06
instance01412.smt2,0.59,0.04,2.02,0.05
instance01414.smt2,0.57,0.03,1.72,0.09
instance01425.smt2,0.57,0.03,2.11,0.06
instance01427.smt2,0.6,0.03,1.75,0.05
instance01428.smt2,0.56,0.04,1.79,0.05
instance01447.smt2,0.55,0.05,1.68,0.06
instance01458.smt2,0.62,0.04,1.83,0.06
instance01468.smt2,0.65,0.06,1.96,0.06
instance01474.smt2,0.59,0.03,1.82,0.05
instance01476.smt2,0.63,0.04,1.8,0.05
instance01478.smt2,0.56,0.04,2.15,0.05
instance01484.smt2,0.58,0.02,2.06,0.05
instance01491.smt2,0.6,0.03,1.97,0.06
instance01492.smt2,0.54,0.04,1.85,0.06
instance01495.smt2,0.6,0.03,1.88,0.06
instance01523.smt2,0.61,0.03,1.97,0.08
instance01526.smt2,0.52,0.03,1.84,0.06
instance01527.smt2,0.56,0.02,1.94,0.06
instance01544.smt2,0.53,0.04,1.67,0.05
instance01558.smt2,0.58,0.04,1.97,0.06
instance01567.smt2,0.55,0.03,1.89,0.07
instance01568.smt2,0.62,0.02,1.92,0.06
instance01576.smt2,0.53,0.03,2.04,0.05
instance01592.smt2,0.49,0.03,1.58,0.05
instance01593.smt2,0.58,0.03,1.71,0.06
instance01610.smt2,0.58,0.03,1.74,0.06
instance01612.smt2,0.59,0.03,1.77,0.07
instance01614.smt2,0.58,0.03,1.94,0.06
instance01617.smt2,0.58,0.04,1.79,0.07
instance01633.smt2,0.6,0.04,1.89,0.05
instance01653.smt2,0.62,0.03,1.82,0.06
instance01657.smt2,0.56,0.03,1.94,0.06
instance01658.smt2,0.55,0.04,1.93,0.05
instance01660.smt2,0.56,0.04,1.79,0.06
instance01666.smt2,0.55,0.03,1.91,0.05
instance01669.smt2,0.61,0.02,1.8,0.06
instance01688.smt2,0.59,0.04,1.95,0.07
instance01690.smt2,0.68,0.03,2.06,0.06
instance01695.smt2,0.6,0.02,1.95,0.07
instance01697.smt2,0.6,0.03,1.71,0.07
instance01701.smt2,0.55,0.03,1.81,0.06
instance01711.smt2,0.46,0.05,1.92,0.07
instance01716.smt2,0.58,0.04,1.78,0.06
instance01718.smt2,0.52,0.02,1.78,0.06
instance01725.smt2,0.58,0.05,1.88,0.05
instance01732.smt2,0.53,0.04,1.76,0.06
instance01733.smt2,0.5,0.03,1.91,0.08
instance01745.smt2,0.51,0.03,1.86,0.06
instance01746.smt2,0.5,0.02,1.77,0.05
instance01749.smt2,0.51,0.03,1.99,0.06
instance01758.smt2,0.52,0.03,2.05,0.05
instance01768.smt2,0.57,0.04,1.96,0.06
instance01779.smt2,0.53,0.03,1.79,0.06
instance01785.smt2,0.62,0.03,1.95,0.07
instance01795.smt2,0.55,0.04,1.82,0.09
instance01805.smt2,0.54,0.03,1.88,0.07
instance01808.smt2,0.59,0.02,1.89,0.06
instance01814.smt2,0.56,0.03,1.96,0.07
instance01819.smt2,0.54,0.04,1.94,0.09
instance01828.smt2,0.52,0.03,1.67,0.06
instance01831.smt2,0.57,0.04,1.91,0.06
instance01834.smt2,0.65,0.03,2.06,0.07
instance01837.smt2,0.53,0.03,1.83,0.06
instance01844.smt2,0.52,0.04,1.88,0.06
instance01853.smt2,0.55,0.04,1.8,0.06
instance01855.smt2,0.52,0.05,1.95,0.06
instance01857.smt2,0.6,0.04,2.04,0.06
instance01859.smt2,0.58,0.03,1.73,0.06
instance01875.smt2,0.57,0.04,1.82,0.06
instance01884.smt2,0.58,0.03,1.64,0.1
instance01894.smt2,0.58,0.04,1.76,0.06
instance01902.smt2,0.64,0.02,1.88,0.06
instance01904.smt2,0.62,0.03,1.81,0.07
instance01917.smt2,0.5,0.03,1.92,0.05
instance01918.smt2,0.56,0.04,1.8,0.06
instance01922.smt2,0.6,0.05,1.93,0.06
instance01924.smt2,0.63,0.04,1.71,0.05
instance01945.smt2,0.49,0.04,1.98,0.06
instance01951.smt2,0.63,0.03,1.74,0.07
instance01959.smt2,0.59,0.04,1.86,0.07
instance01960.smt2,0.57,0.03,1.92,0.07
instance01964.smt2,0.49,0.03,1.69,0.1
instance01976.smt2,0.52,0.04,1.69,0.06
instance01985.smt2,0.57,0.03,1.93,0.05
instance01989.smt2,0.58,0.03,1.91,0.06
instance01991.smt2,0.56,0.03,1.8,0.07
instance02002.smt2,0.51,0.04,1.86,0.06
instance02006.smt2,0.57,0.03,1.93,0.06
instance02013.smt2,0.51,0.03,1.93,0.08
instance02022.smt2,0.58,0.02,1.95,0.06
instance02030.smt2,0.48,0.04,1.88,0.06
instance02038.smt2,0.48,0.03,1.79,0.06
instance02043.smt2,0.58,0.03,1.78,0.06
instance02047.smt2,0.51,0.03,2.1,0.06
instance02060.smt2,0.53,0.03,1.82,0.06
instance02063.smt2,0.52,0.04,1.81,0.06
instance02064.smt2,0.51,0.04,1.96,0.06
instance02066.smt2,0.54,0.03,1.79,0.06
instance02074.smt2,0.48,0.04,1.8,0.06
instance02086.smt2,0.54,0.03,1.94,0.06
instance02091.smt2,0.49,0.04,1.96,0.07
instance02093.smt2,0.52,0.03,1.89,0.07
instance02098.smt2,0.6,0.04,1.7,0.06
instance02120.smt2,0.62,0.03,1.83,0.08
instance02130.smt2,0.57,0.04,1.73,0.07
instance02140.smt2,0.49,0.03,1.89,0.06
instance02146.smt2,0.58,0.02,1.75,0.07
instance02153.smt2,0.61,0.04,2.01,0.05
instance02169.smt2,0.57,0.04,1.85,0.06
instance02170.smt2,0.56,0.03,1.85,0.06
instance02172.smt2,0.61,0.04,1.84,0.07
instance02176.smt2,0.51,0.03,1.84,0.06
instance02177.smt2,0.59,0.03,2.01,0.07
instance02179.smt2,0.57,0.03,1.82,0.06
instance02184.smt2,0.56,0.03,1.71,0.06
instance02187.smt2,0.59,0.02,1.84,0.07
instance02188.smt2,0.5,0.03,1.79,0.06
instance02192.smt2,0.48,0.02,1.58,0.07
instance02197.smt2,0.57,0.02,1.87,0.06
instance02212.smt2,0.61,0.04,1.95,0.06
instance02216.smt2,0.48,0.05,1.77,0.07
instance02219.smt2,0.48,0.03,1.96,0.06
instance02231.smt2,0.5,0.03,2.07,0.06
instance02265.smt2,0.52,0.02,1.91,0.06
instance02270.smt2,0.58,0.03,1.64,0.06
instance02273.smt2,0.45,0.04,1.85,0.06
instance02274.smt2,0.5,0.04,1.9,0.06
instance02279.smt2,0.44,0.04,1.88,0.06
instance02299.smt2,0.53,0.02,1.67,0.08
instance02304.smt2,0.53,0.04,1.87,0.07
instance02306.smt2,0.48,0.04,2.03,0.09
instance02314.smt2,0.47,0.04,1.98,0.05
instance02320.smt2,0.43,0.03,1.91,0.06
instance02324.smt2,0.56,0.02,1.82,0.06
instance02327.smt2,0.56,0.04,1.85,0.07
instance02332.smt2,0.57,0.03,1.97,0.07
instance02345.smt2,0.48,0.04,1.74,0.07
instance02354.smt2,0.58,0.03,1.94,0.06
instance02357.smt2,0.51,0.04,1.83,0.06
instance02358.smt2,0.55,0.03,1.93,0.09
instance02365.smt2,0.52,0.03,1.98,0.06
instance02366.smt2,0.59,0.03,1.97,0.07
instance02380.smt2,0.54,0.04,2.02,0.06
instance02383.smt2,0.57,0.03,1.82,0.08
instance02390.smt2,0.57,0.05,1.86,0.06
instance02395.smt2,0.48,0.03,2.02,0.07
instance02398.smt2,0.53,0.02,1.93,0.06
instance02399.smt2,0.51,0.03,1.8,0.07
instance02403.smt2,0.49,0.02,1.86,0.1
instance02413.smt2,0.48,0.03,1.83,0.06
instance02416.smt2,0.56,0.03,1.82,0.07
instance02427.smt2,0.51,0.03,1.81,0.05
instance02429.smt2,0.44,0.03,1.83,0.06
instance02439.smt2,0.51,0.02,1.97,0.06
instance02451.smt2,0.51,0.02,1.86,0.06
instance02458.smt2,0.48,0.03,1.96,0.08
instance02459.smt2,0.55,0.03,1.78,0.07
instance02468.smt2,0.5,0.04,1.85,0.07
instance02478.smt2,0.5,0.04,1.97,0.06
instance02481.smt2,0.58,0.03,1.76,0.06
instance02482.smt2,0.55,0.04,2.04,0.08
instance02489.smt2,0.51,0.04,1.88,0.06
instance02507.smt2,0.51,0.04,1.75,0.06
instance02514.smt2,0.52,0.02,1.81,0.11
instance02518.smt2,0.53,0.02,2.18,0.07
instance02520.smt2,0.55,0.03,1.8,0.08
instance02542.smt2,0.52,0.03,1.62,0.06
instance02573.smt2,0.47,0.03,1.72,0.06
instance02586.smt2,0.53,0.03,2.07,0.06
instance02591.smt2,0.54,0.04,1.82,0.06
instance02596.smt2,0.57,0.03,1.75,0.05
instance02601.smt2,0.5,0.03,2.03,0.06
instance02622.smt2,0.58,0.04,1.8,0.07
instance02678.smt2,0.55,0.03,1.98,0.06
instance02686.smt2,0.48,0.04,1.87,0.06
instance02697.smt2,0.45,0.04,2.07,0.06
instance02701.smt2,0.56,0.03,1.85,0.07
instance02715.smt2,0.51,0.04,1.93,0.06
instance02732.smt2,0.47,0.04,1.7,0.06
instance02733.smt2,0.58,0.02,1.91,0.07
instance02743.smt2,0.57,0.05,1.88,0.07
instance02744.smt2,0.51,0.03,2.03,0.06
instance02745.smt2,0.54,0.04,1.7,0.06
instance02753.smt2,0.54,0.02,1.77,0.1
instance02758.smt2,0.52,0.04,1.91,0.07
instance02759.smt2,0.64,0.02,1.83,0.07
instance02770.smt2,0.53,0.04,1.79,0.07
instance02771.smt2,0.58,0.04,1.96,0.06
instance02777.smt2,0.47,0.03,1.9,0.07
instance02800.smt2,0.58,0.03,1.87,0.05
instance02808.smt2,0.54,0.03,1.75,0.06
instance02812.smt2,0.53,0.03,2.02,0.07
instance02813.smt2,0.54,0.03,1.95,0.06
instance02814.smt2,0.59,0.04,1.89,0.07
instance02816.smt2,0.57,0.03,1.93,0.07
instance02824.smt2,0.55,0.04,1.74,0.06
instance02844.smt2,0.61,0.03,1.87,0.06
instance02845.smt2,0.6,0.03,1.99,0.07
instance02859.smt2,0.5,0.03,1.95,0.05
instance02868.smt2,0.61,0.02,1.99,0.06
instance02869.smt2,0.6,0.05,1.97,0.07
instance02873.smt2,0.57,0.03,1.93,0.06
instance02876.smt2,0.55,0.04,1.91,0.05
instance02888.smt2,0.59,0.03,1.88,0.06
instance02890.smt2,0.57,0.03,1.92,0.06
instance02891.smt2,0.62,0.03,1.91,0.08
instance02892.smt2,0.51,0.02,1.69,0.06
instance02899.smt2,0.53,0.02,1.73,0.07
instance02912.smt2,0.53,0.03,1.95,0.06
instance02918.smt2,0.54,0.02,1.8,0.07
instance02920.smt2,0.5,0.03,1.76,0.07
instance02929.smt2,0.58,0.03,1.99,0.07
instance02934.smt2,0.58,0.03,2.0,0.05
instance02943.smt2,0.59,0.04,1.88,0.08
instance02954.smt2,0.55,0.04,1.92,0.07
instance02955.smt2,0.56,0.03,1.87,0.06
instance02957.smt2,0.55,0.04,1.9,0.06
instance02971.smt2,0.54,0.03,1.95,0.07
instance02978.smt2,0.55,0.03,1.91,0.06
instance02987.smt2,0.45,0.03,1.9,0.06
instance02997.smt2,0.52,0.03,1.58,0.06
instance03001.smt2,0.5,0.04,1.74,0.06
instance03007.smt2,0.54,0.05,1.66,0.06
instance03043.smt2,0.53,0.08,1.87,0.07
instance03062.smt2,0.54,0.04,1.88,0.06
instance03094.smt2,0.57,0.02,2.05,0.06
instance03097.smt2,0.51,0.03,1.97,0.08
instance03098.smt2,0.49,0.02,1.82,0.08
instance03108.smt2,0.58,0.03,1.88,0.06
instance03116.smt2,0.6,0.03,1.9,0.07
instance03127.smt2,0.56,0.03,1.82,0.09
instance03133.smt2,0.58,0.04,1.78,0.05
instance03136.smt2,0.51,0.03,1.95,0.06
instance03142.smt2,0.49,0.04,1.59,0.06
instance03148.smt2,0.48,0.04,1.88,0.06
instance03153.smt2,0.65,0.03,1.81,0.07
instance03161.smt2,0.61,0.04,1.99,0.06
instance03163.smt2,0.58,0.04,1.79,0.06
instance03197.smt2,0.63,0.02,1.85,0.07
instance03200.smt2,0.65,0.04,1.87,0.06
instance03203.smt2,0.65,0.04,1.9,0.06
instance03216.smt2,0.63,0.04,1.79,0.06
instance03227.smt2,0.6,0.03,1.96,0.06
instance03232.smt2,0.58,0.03,1.94,0.06
instance03234.smt2,0.6,0.04,2.06,0.06
instance03235.smt2,0.64,0.03,1.76,0.06
instance03246.smt2,0.61,0.02,2.03,0.05
instance03264.smt2,0.61,0.07,1.85,0.06
instance03270.smt2,0.62,0.04,1.9,0.06
instance03276.smt2,0.6,0.02,1.99,0.07
instance03294.smt2,0.63,0.03,1.77,0.07
instance03304.smt2,0.59,0.03,1.81,0.07
instance03309.smt2,0.61,0.03,1.83,0.06
instance03316.smt2,0.54,0.04,1.9,0.07
instance03317.smt2,0.58,0.04,1.74,0.06
instance03329.smt2,0.54,0.02,1.87,0.05
instance03331.smt2,0.57,0.03,1.84,0.05
instance03338.smt2,0.58,0.04,1.83,0.06
instance03342.smt2,0.53,0.03,1.82,0.06
instance03347.smt2,0.6,0.04,1.8,0.08
instance03366.smt2,0.59,0.04,1.93,0.07
instance03370.smt2,0.62,0.05,1.86,0.06
instance03372.smt2,0.63,0.05,1.61,0.05
instance03374.smt2,0.63,0.06,1.81,0.06
instance03382.smt2,0.58,0.04,1.81,0.06
instance03399.smt2,0.58,0.02,1.96,0.06
instance03405.smt2,0.51,0.03,1.79,0.06
instance03413.smt2,0.54,0.03,2.03,0.06
instance03416.smt2,0.55,0.04,1.82,0.07
instance03431.smt2,0.53,0.03,1.9,0.06
instance03433.smt2,0.54,0.02,1.85,0.06
instance03435.smt2,0.54,0.03,1.85,0.06
instance03441.smt2,0.57,0.03,1.96,0.06
instance03444.smt2,0.53,0.03,1.85,0.05
instance03459.smt2,0.57,0.03,2.0,0.06
instance03465.smt2,0.55,0.02,1.83,0.06
instance03473.smt2,0.54,0.03,1.83,0.06
instance03495.smt2,0.63,0.04,1.97,0.06
instance03522.smt2,0.57,0.02,1.95,0.06
instance03542.smt2,0.49,0.03,1.81,0.06
instance03545.smt2,0.6,0.03,1.76,0.08
instance03547.smt2,0.53,0.02,1.74,0.06
instance03552.smt2,0.58,0.05,2.14,0.07
instance03554.smt2,0.5,0.04,1.82,0.07
instance03556.smt2,0.55,0.02,1.81,0.06
instance03557.smt2,0.51,0.04,1.92,0.06
instance03559.smt2,0.53,0.03,1.77,0.06
instance03561.smt2,0.53,0.04,2.08,0.05
instance03565.smt2,0.66,0.05,1.97,0.06
instance03575.smt2,0.61,0.04,1.77,0.06
instance03576.smt2,0.52,0.03,2.02,0.05
instance03578.smt2,0.54,0.04,1.82,0.06
instance03594.smt2,0.53,0.05,1.81,0.07
instance03598.smt2,0.57,0.03,1.95,0.07
instance03614.smt2,0.57,0.02,1.87,0.07
instance03623.smt2,0.59,0.03,1.88,0.06
instance03653.smt2,0.71,0.02,1.9,0.06
instance03661.smt2,0.68,0.02,1.85,0.06
instance03670.smt2,0.71,0.02,1.59,0.06
instance03671.smt2,0.58,0.03,1.92,0.07
instance03673.smt2,0.59,0.04,1.94,0.07
instance03677.smt2,0.55,0.03,1.98,0.07
instance03683.smt2,0.56,0.02,1.79,0.05
instance03692.smt2,0.56,0.03,1.65,0.07
instance03715.smt2,0.5,0.02,2.01,0.07
instance03717.smt2,0.47,0.02,1.94,0.07
instance03726.smt2,0.48,0.02,1.89,0.06
instance03730.smt2,0.52,0.03,2.07,0.06
instance03763.smt2,0.49,0.03,2.0,0.05
instance03766.smt2,0.49,0.04,1.64,0.06
instance03772.smt2,0.56,0.03,2.03,0.06
instance03781.smt2,0.47,0.03,1.76,0.06
instance03791.smt2,0.65,0.04,1.97,0.06
instance03800.smt2,0.49,0.02,1.91,0.06
instance03808.smt2,0.53,0.03,1.93,0.06
instance03844.smt2,0.46,0.04,1.92,0.06
instance03846.smt2,0.55,0.02,1.83,0.05
instance03859.smt2,0.62,0.03,1.97,0.07
instance03880.smt2,0.64,0.03,2.0,0.05
instance03886.smt2,0.54,0.02,1.85,0.07
instance03905.smt2,0.64,0.02,1.99,0.06
instance03906.smt2,0.65,0.02,1.89,0.07
instance03912.smt2,0.63,0.03,1.87,0.1
instance03913.smt2,0.54,0.03,1.93,0.07
instance03914.smt2,0.55,0.02,1.99,0.06
instance03917.smt2,0.55,0.02,1.88,0.05
instance03922.smt2,0.54,0.03,1.86,0.06
instance03930.smt2,0.46,0.03,1.72,0.07
instance03937.smt2,0.58,0.04,1.89,0.06
instance03956.smt2,0.48,0.03,1.89,0.06
instance03961.smt2,0.55,0.03,1.66,0.06
instance03965.smt2,0.52,0.03,1.83,0.08
instance03977.smt2,0.58,0.04,1.8,0.09
instance03982.smt2,0.49,0.03,1.84,0.07
instance03994.smt2,0.57,0.03,1.86,0.09
instance04017.smt2,0.5,0.02,2.0,0.1
instance04030.smt2,0.48,0.04,1.93,0.07
instance04032.smt2,0.5,0.02,1.89,0.08
instance04052.smt2,0.49,0.02,1.88,0.07
instance04059.smt2,0.52,0.03,1.74,0.07
instance04063.smt2,0.47,0.02,1.91,0.07
instance04073.smt2,0.53,0.02,1.92,0.06
instance04077.smt2,0.5,0.02,1.95,0.07
instance04080.smt2,0.57,0.02,1.79,0.07
instance04086.smt2,0.58,0.04,2.0,0.08
instance04090.smt2,0.53,0.03,1.86,0.07
instance04101.smt2,0.48,0.02,1.91,0.07
instance04105.smt2,0.55,0.03,1.85,0.07
instance04110.smt2,0.6,0.05,1.83,0.06
instance04112.smt2,0.6,0.04,1.85,0.09
instance04116.smt2,0.61,0.02,1.87,0.06
instance04129.smt2,0.57,0.04,1.82,0.09
instance04149.smt2,0.61,0.04,1.99,0.07
instance04156.smt2,0.6,0.03,1.9,0.1
instance04159.smt2,0.53,0.04,1.75,0.07
instance04182.smt2,0.62,0.02,2.01,0.1
instance04194.smt2,0.58,0.03,2.04,0.07
instance04213.smt2,0.59,0.02,1.92,0.07
instance04222.smt2,0.48,0.03,1.59,0.09
instance04224.smt2,0.52,0.17,2.06,0.09
instance04225.smt2,0.53,0.02,1.65,0.06
instance04233.smt2,0.51,0.02,1.94,0.07
instance04244.smt2,0.52,0.02,1.69,0.06
instance04246.smt2,0.55,0.04,1.71,0.07
instance04247.smt2,0.54,0.03,1.97,0.07
instance04249.smt2,0.52,0.02,1.87,0.07
instance04254.smt2,0.53,0.02,1.94,0.07
instance04261.smt2,0.51,0.02,1.93,0.08
instance04264.smt2,0.55,0.05,1.93,0.07
instance04266.smt2,0.56,0.03,1.74,0.07
instance04272.smt2,0.61,0.04,2.01,0.06
instance04303.smt2,0.62,0.03,1.94,0.06
instance04329.smt2,0.61,0.04,1.96,0.07
instance04338.smt2,0.6,0.03,1.82,0.05
instance04346.smt2,0.56,0.03,2.1,0.06
instance04364.smt2,0.58,0.02,1.96,0.07
instance04370.smt2,0.51,0.02,2.02,0.06
instance04375.smt2,0.56,0.02,1.84,0.06
instance04388.smt2,0.54,0.02,1.7,0.09
instance04420.smt2,0.62,0.04,1.82,0.05
instance04424.smt2,0.52,0.04,1.88,0.06
instance04427.smt2,0.56,0.03,2.02,0.06
instance04435.smt2,0.59,0.02,1.94,0.06
instance04439.smt2,0.63,0.04,2.03,0.08
instance04447.smt2,0.58,0.02,1.84,0.07
instance04466.smt2,0.57,0.03,1.8,0.08
instance04478.smt2,0.54,0.03,1.82,0.09
instance04479.smt2,0.6,0.02,1.73,0.07
instance04498.smt2,0.68,0.03,1.87,0.08
instance04503.smt2,0.64,0.03,1.9,0.06
instance04507.smt2,0.68,0.02,1.92,0.06
instance04516.smt2,0.6,0.04,1.95,0.06
instance04517.smt2,0.65,0.03,2.0,0.07
instance04524.smt2,0.58,0.04,1.82,0.09
instance04525.smt2,0.63,0.02,1.76,0.08
instance04527.smt2,0.65,0.03,1.75,0.09
instance04538.smt2,0.64,0.02,1.88,0.07
instance04542.smt2,0.64,0.03,1.92,0.09
instance04543.smt2,0.58,0.03,1.9,0.07
instance04545.smt2,0.5,0.04,1.96,0.06
instance04559.smt2,0.52,0.02,1.71,0.07
instance04564.smt2,0.53,0.03,1.83,0.07
instance04568.smt2,0.48,0.04,1.75,0.06
instance04594.smt2,0.56,0.03,1.63,0.06
instance04600.smt2,0.52,0.05,1.97,0.06
instance04602.smt2,0.45,0.03,1.97,0.06
instance04605.smt2,0.58,0.18,2.05,0.06
instance04614.smt2,0.56,0.06,1.72,0.1
instance04628.smt2,0.55,0.02,1.75,0.06
instance04648.smt2,0.52,0.02,1.89,0.06
instance04650.smt2,0.56,0.02,1.9,0.06
instance04659.smt2,0.55,0.04,1.8,0.06
instance04660.smt2,0.58,0.02,2.03,0.07
instance04662.smt2,0.57,0.02,1.97,0.06
instance04678.smt2,0.57,0.03,1.88,0.07
instance04681.smt2,0.57,0.02,1.95,0.07
instance04683.smt2,0.54,0.03,1.93,0.08
instance04687.smt2,0.54,0.05,1.9,0.07
instance04692.smt2,0.52,0.03,2.03,0.06
instance04700.smt2,0.56,0.02,1.97,0.07
instance04705.smt2,0.59,0.03,1.95,0.06
instance04709.smt2,0.56,0.04,1.83,0.1
instance04712.smt2,0.59,0.04,1.84,0.06
instance04715.smt2,0.54,0.04,1.95,0.08
instance04732.smt2,0.59,0.02,1.81,0.06
instance04742.smt2,0.59,0.03,2.0,0.08
instance04743.smt2,0.6,0.04,1.91,0.19
instance04744.smt2,0.57,0.03,1.83,0.08
instance04747.smt2,0.61,0.04,1.94,0.07
instance04750.smt2,0.55,0.03,1.95,0.07
instance04762.smt2,0.6,0.03,1.79,0.17
instance04768.smt2,0.61,0.03,2.08,0.08
instance04788.smt2,0.54,0.02,1.66,0.08
instance04794.smt2,0.6,0.02,1.7,0.06
instance04795.smt2,0.57,0.03,1.76,0.06
instance04797.smt2,0.56,0.03,1.95,0.07
instance04810.smt2,0.56,0.02,1.97,0.05
instance04811.smt2,0.59,0.03,1.97,0.06
instance04813.smt2,0.56,0.04,1.74,0.08
instance04825.smt2,0.59,0.03,1.87,0.06
instance04829.smt2,0.56,0.04,1.85,0.11
instance04836.smt2,0.58,0.04,1.78,0.09
instance04842.smt2,0.54,0.03,1.86,0.06
instance04857.smt2,0.59,0.04,1.69,0.07
instance04863.smt2,0.58,0.04,1.82,0.06
instance04875.smt2,0.6,0.02,2.08,0.11
instance04893.smt2,0.61,0.04,1.87,0.07
instance04895.smt2,0.58,0.04,1.89,0.06
instance04902.smt2,0.58,0.03,2.03,0.06
instance04914.smt2,0.58,0.03,2.02,0.05
instance04924.smt2,0.63,0.03,1.77,0.06
instance04925.smt2,0.64,0.02,1.94,0.08
instance04926.smt2,0.64,0.04,1.93,0.07
instance04933.smt2,0.59,0.03,1.88,0.07
instance04936.smt2,0.63,0.03,1.94,0.1
instance04944.smt2,0.63,0.04,1.9,0.06
instance04967.smt2,0.62,0.05,1.91,0.06
instance04971.smt2,0.67,0.03,1.76,0.09
instance04973.smt2,0.59,0.04,1.96,0.06
instance04975.smt2,0.61,0.02,1.86,0.07
instance04977.smt2,0.68,0.04,1.85,0.06
instance04985.smt2,0.68,0.04,2.0,0.06
instance04989.smt2,0.74,0.02,2.11,0.07
instance04991.smt2,0.72,0.02,1.83,0.06
instance05004.smt2,0.67,0.02,2.06,0.06
instance05008.smt2,0.69,0.04,2.02,0.06
instance05022.smt2,0.66,0.02,2.05,0.06
instance05047.smt2,0.69,0.03,1.82,0.07
instance05050.smt2,0.67,0.03,1.83,0.08
instance05066.smt2,0.72,0.03,2.17,0.07
instance05073.smt2,0.59,0.02,1.74,0.08
instance05079.smt2,0.68,0.04,1.8,0.07
instance05081.smt2,0.55,0.04,1.99,0.06
instance05117.smt2,0.63,0.03,1.76,0.06
instance05123.smt2,0.63,0.02,1.74,0.07
instance05124.smt2,0.6,0.03,2.05,0.06
instance05131.smt2,0.56,0.02,1.68,0.08
instance05148.smt2,0.47,0.04,1.94,0.06
instance05152.smt2,0.52,0.02,2.02,0.07
instance05161.smt2,0.63,0.02,1.63,0.07
instance05163.smt2,0.66,0.04,1.87,0.07
instance05169.smt2,0.59,0.03,1.95,0.07
instance05177.smt2,0.64,0.03,1.94,0.07
instance05179.smt2,0.57,0.04,1.83,0.08
instance05194.smt2,0.58,0.03,1.8,0.09
instance05206.smt2,0.54,0.04,1.93,0.06
instance05210.smt2,0.54,0.04,1.82,0.06
instance05211.smt2,0.54,0.03,1.63,0.06
instance05228.smt2,0.53,0.02,1.82,0.06
instance05229.smt2,0.55,0.03,1.89,0.06
instance05230.smt2,0.57,0.02,1.75,0.06
instance05236.smt2,0.63,0.04,1.93,0.09
instance05253.smt2,0.59,0.04,2.03,0.06
instance05259.smt2,0.61,0.03,2.05,0.06
instance05266.smt2,0.62,0.05,2.1,0.05
instance05273.smt2,0.56,0.02,1.9,0.07
instance05275.smt2,0.54,0.05,1.89,0.07
instance05280.smt2,0.54,0.03,1.83,0.05
instance05291.smt2,0.65,0.04,2.06,0.06
instance05304.smt2,0.7,0.02,2.01,0.07
instance05305.smt2,0.64,0.02,1.9,0.07
instance05311.smt2,0.56,0.03,1.83,0.06
instance05312.smt2,0.62,0.04,1.96,0.06
instance05316.smt2,0.57,0.02,1.88,0.06
instance05318.smt2,0.57,0.02,2.04,0.06
instance05339.smt2,0.63,0.03,2.01,0.07
instance05345.smt2,0.66,0.02,1.9,0.06
instance05348.smt2,0.62,0.03,2.02,0.06
instance05365.smt2,0.6,0.02,1.94,0.05
instance05378.smt2,0.55,0.03,1.77,0.06
instance05380.smt2,0.59,0.02,2.11,0.07
instance05388.smt2,0.68,0.04,1.95,0.08
instance05396.smt2,0.62,0.04,2.0,0.06
instance05411.smt2,0.63,0.02,1.86,0.06
instance05412.smt2,0.46,0.02,1.91,0.06
instance05424.smt2,0.46,0.04,1.97,0.06
instance05426.smt2,0.51,0.03,2.05,0.07
instance05428.smt2,0.58,0.03,1.76,0.07
instance05447.smt2,0.62,0.03,1.87,0.06
instance05448.smt2,0.7,0.03,1.87,0.06
instance05449.smt2,0.69,0.03,1.96,0.07
instance05450.smt2,0.8,0.04,1.99,0.06
instance05454.smt2,0.56,0.02,2.03,0.07
instance05462.smt2,0.53,0.03,1.96,0.05
instance05465.smt2,0.81,0.02,2.07,0.06
instance05470.smt2,0.55,0.03,1.93,0.06
instance05472.smt2,0.58,0.03,1.77,0.06
instance05474.smt2,0.85,0.02,1.8,0.06
instance05476.smt2,0.55,0.02,1.95,0.06
instance05477.smt2,0.61,0.02,1.91,0.08
instance05481.smt2,0.53,0.04,1.81,0.08
instance05486.smt2,0.59,0.06,1.86,0.06
instance05487.smt2,0.58,0.03,1.97,0.07
instance05493.smt2,0.8,0.05,2.05,0.12
instance05494.smt2,0.53,0.04,1.83,0.06
instance05507.smt2,0.6,0.03,1.89,0.1
instance05512.smt2,0.62,0.02,1.78,0.05
instance05515.smt2,0.81,0.02,1.89,0.05
instance05522.smt2,0.64,0.03,2.02,0.06
instance05547.smt2,0.63,0.03,1.64,0.06
instance05567.smt2,0.56,0.03,1.85,0.05
instance05572.smt2,0.78,0.03,2.15,0.08
instance05592.smt2,0.6,0.02,1.83,0.05
instance05600.smt2,0.65,0.02,2.1,0.06
instance05615.smt2,0.47,0.03,1.92,0.08
instance05619.smt2,0.76,0.02,1.83,0.06
instance05632.smt2,0.84,0.03,2.0,0.06
instance05635.smt2,0.82,0.02,1.92,0.06
instance05641.smt2,0.74,0.04,1.88,0.06
instance05655.smt2,0.49,0.04,2.01,0.07
instance05672.smt2,0.64,0.04,2.06,0.06
instance05673.smt2,0.81,0.02,2.15,0.07
instance05675.smt2,0.78,0.04,2.01,0.08
instance05680.smt2,0.86,0.03,1.88,0.06
instance05684.smt2,0.7,0.02,1.85,0.06
instance05698.smt2,0.82,0.04,1.75,0.06
instance05710.smt2,0.89,0.03,2.2,0.06
instance05728.smt2,0.83,0.02,1.77,0.06
instance05742.smt2,0.78,0.03,1.97,0.09
instance05746.smt2,0.48,0.04,1.82,0.05
instance05753.smt2,0.87,0.04,2.04,0.07
instance05764.smt2,0.91,0.03,2.13,0.07
instance05776.smt2,0.87,0.03,1.86,0.06
instance05785.smt2,0.48,0.03,1.78,0.07
instance05787.smt2,0.7,0.03,1.72,0.06
instance05799.smt2,0.7,0.03,1.77,0.06
instance05806.smt2,0.61,0.02,1.83,0.06
instance05812.smt2,0.62,0.04,1.71,0.07
instance05820.smt2,0.61,0.03,1.89,0.08
instance05823.smt2,0.64,0.06,1.92,0.07
instance05826.smt2,0.59,0.03,1.84,0.06
instance05844.smt2,0.57,0.04,1.93,0.06
instance05845.smt2,0.58,0.02,1.83,0.06
instance05848.smt2,0.54,0.04,1.72,0.07
instance05850.smt2,0.55,0.03,1.91,0.06
instance05851.smt2,0.57,0.04,1.94,0.08
instance05856.smt2,0.56,0.02,1.88,0.05
instance05867.smt2,0.58,0.02,1.99,0.07
instance05871.smt2,0.61,0.02,1.88,0.07
instance05888.smt2,0.64,0.02,1.88,0.06
instance05896.smt2,0.58,0.04,1.8,0.07
instance05902.smt2,0.61,0.02,1.9,0.06
instance05937.smt2,0.53,0.02,1.63,0.06
instance05941.smt2,0.58,0.02,1.94,0.08
instance05978.smt2,0.54,0.04,1.72,0.09
instance05980.smt2,0.61,0.02,1.73,0.06
instance05982.smt2,0.6,0.02,1.83,0.07
instance05984.smt2,0.59,0.02,1.95,0.06
instance05989.smt2,0.64,0.04,1.99,0.06
instance05991.smt2,0.62,0.02,1.9,0.06
instance06349.smt2,0.63,0.02,2.07,0.06
instance06506.smt2,0.56,0.06,1.48,0.06
instance06609.smt2,0.59,0.04,2.11,0.06
instance06641.smt2,0.52,0.03,1.97,0.06
instance07107.smt2,0.51,0.02,1.92,0.08
instance07209.smt2,0.61,0.02,1.99,0.07
instance07321.smt2,0.5,0.06,1.37,0.06
instance07331.smt2,0.53,0.04,1.86,0.07
instance07492.smt2,0.51,0.06,1.41,0.06
instance07675.smt2,0.5,0.06,1.48,0.06
instance07975.smt2,0.61,0.05,2.0,0.06
instance08020.smt2,0.54,0.03,1.95,0.06
instance08272.smt2,0.54,0.04,1.44,0.06
instance08348.smt2,0.66,0.03,2.12,0.06
instance08980.smt2,0.68,0.02,2.06,0.06
instance08996.smt2,0.51,0.05,1.5,0.06
instance09054.smt2,0.64,0.06,1.46,0.06
instance09282.smt2,0.65,0.04,1.49,0.07
instance09330.smt2,0.72,0.02,2.05,0.06
instance09734.smt2,0.7,0.04,1.93,0.06
instance10004.smt2,0.61,0.03,1.83,0.06
instance10147.smt2,1.0,0.03,2.36,0.08
instance10397.smt2,0.72,0.04,2.06,0.07
instance10465.smt2,0.61,0.05,1.4,0.06
instance10512.smt2,0.6,0.04,1.4,0.06
instance11018.smt2,0.67,0.02,2.0,0.08
instance11156.smt2,0.64,0.04,1.95,0.07
instance11211.smt2,0.65,0.04,2.12,0.07
instance11215.smt2,0.76,0.02,1.92,0.07
instance11372.smt2,0.85,0.03,2.0,0.06
instance11440.smt2,0.61,0.06,1.38,0.07
instance11703.smt2,0.74,0.03,1.81,0.06
instance11709.smt2,0.67,0.04,1.9,0.09
instance11769.smt2,0.6,0.02,1.86,0.06
instance11788.smt2,0.66,0.03,1.93,0.06
instance12046.smt2,0.66,0.03,1.95,0.06
instance12162.smt2,0.77,0.05,1.34,0.06
instance12416.smt2,0.72,0.05,1.37,0.06
instance12474.smt2,0.85,0.02,2.12,0.06
instance12823.smt2,0.76,0.03,2.15,0.1
instance12961.smt2,0.96,0.05,2.15,0.07
instance13052.smt2,0.78,0.05,2.01,0.07
instance13060.smt2,0.91,0.03,2.11,0.08
instance13068.smt2,0.95,0.03,2.12,0.07
instance13358.smt2,0.73,0.04,1.45,0.06
instance13532.smt2,0.77,0.03,1.89,0.07
instance13726.smt2,0.7,0.07,1.9,0.05
instance14028.smt2,0.75,0.06,1.54,0.06
instance14633.smt2,0.67,0.06,1.45,0.08
instance14862.smt2,0.76,0.05,1.87,0.06
instance15368.smt2,0.72,0.07,1.46,0.06
instance15577.smt2,0.76,0.04,1.9,0.06
instance15594.smt2,0.72,0.06,1.46,0.06
instance15649.smt2,0.75,0.05,2.11,0.05
sub-matching-sat-13.smt2,9.07,9.13,120.0,15.79
sub-matching-sat-20.smt2,4.19,4.03,120.0,7.79
sub-matching-sat-15.smt2,11.18,13.01,120.0,21.12
sub-matching-unsat-15.smt2,5.3,5.05,120.0,10.39
sub-matching-sat-4.smt2,7.3,10.6,120.0,16.75
sub-matching-unsat-5.smt2,5.23,4.64,120.0,8.68
sub-matching-sat-25.smt2,17.29,17.73,120.0,24.99
sub-matching-sat-6.smt2,9.02,6.93,120.0,13.62
sub-matching-sat-22.smt2,4.54,3.16,120.0,5.43
sub-matching-sat-17.smt2,17.9,18.15,120.0,25.87
sub-matching-sat-7.smt2,14.6,14.57,120.0,21.6
sub-matching-sat-8.smt2,15.22,16.58,120.0,22.21
sub-matching-sat-16.smt2,7.58,6.05,120.0,11.26
sub-matching-unsat-10.smt2,13.53,17.46,120.0,23.75
sub-matching-sat-9.smt2,10.95,14.21,120.0,19.8
sub-matching-unsat-4.smt2,13.14,16.93,120.0,21.46
sub-matching-sat-11.smt2,7.0,7.06,120.0,11.15
sub-matching-sat-2.smt2,4.79,5.8,120.0,8.86
sub-matching-sat-45.smt2,8.57,12.82,120.0,17.75
sub-matching-sat-12.smt2,5.49,6.31,120.0,9.8
sub-matching-unsat-3.smt2,7.76,11.33,120.0,15.72
sub-matching-unsat-24.smt2,7.74,12.99,120.0,14.0
sub-matching-sat-29.smt2,15.49,19.21,120.0,24.37
sub-matching-unsat-6.smt2,5.78,7.21,120.0,10.53
sub-matching-unsat-14.smt2,9.1,10.72,120.0,14.4
sub-matching-unsat-13.smt2,7.58,8.39,120.0,14.3
sub-matching-sat-50.smt2,7.08,9.03,120.0,12.62
sub-matching-sat-19.smt2,9.18,11.89,120.0,17.38
sub-matching-unsat-23.smt2,13.08,15.99,120.0,20.52
sub-matching-sat-10.smt2,4.51,2.81,120.0,4.75
sub-matching-unsat-9.smt2,8.5,8.9,120.0,14.36
sub-matching-unsat-25.smt2,5.52,8.12,120.0,10.06
sub-matching-unsat-8.smt2,11.69,14.04,120.0,19.6
sub-matching-unsat-16.smt2,6.13,8.16,120.0,10.93
sub-matching-sat-27.smt2,6.2,6.47,120.0,8.08
sub-matching-unsat-17.smt2,9.53,12.58,120.0,13.0
sub-matching-unsat-20.smt2,7.36,10.68,120.0,12.57
sub-matching-sat-28.smt2,6.35,6.25,120.0,6.02
benchmark_0249.smt2,120.0,120.0,12.49,0.09
benchmark_0450.smt2,120.0,120.0,12.22,0.09
benchmark_0040.smt2,120.0,120.0,12.56,0.09
benchmark_0203.smt2,120.0,120.0,12.24,0.09
benchmark_0363.smt2,120.0,120.0,11.91,0.09
benchmark_0101.smt2,120.0,120.0,12.54,0.09
benchmark_0422.smt2,120.0,120.0,7.6,0.08
benchmark_0299.smt2,120.0,120.0,12.28,0.08
benchmark_0044.smt2,120.0,120.0,12.55,0.09
benchmark_0482.smt2,120.0,120.0,11.96,0.09
benchmark_0306.smt2,120.0,120.0,11.79,0.13
benchmark_0050.smt2,120.0,120.0,11.82,0.08
benchmark_0091.smt2,120.0,120.0,11.89,0.1
benchmark_0257.smt2,120.0,120.0,12.24,0.11
benchmark_0042.smt2,120.0,120.0,12.24,0.11
benchmark_0089.smt2,120.0,120.0,12.34,0.11
benchmark_0066.smt2,120.0,120.0,11.73,0.1
benchmark_0230.smt2,120.0,120.0,11.95,0.1
benchmark_0103.smt2,120.0,120.0,12.34,0.1
benchmark_0176.smt2,120.0,120.0,12.57,0.09
benchmark_0401.smt2,120.0,120.0,12.39,0.08
benchmark_0172.smt2,120.0,120.0,12.39,0.08
benchmark_0341.smt2,120.0,120.0,12.44,0.09
benchmark_0392.smt2,120.0,120.0,17.75,0.1
benchmark_0030.smt2,120.0,120.0,8.79,0.09
benchmark_0359.smt2,120.0,120.0,11.9,0.1
benchmark_0175.smt2,120.0,120.0,17.02,0.1
benchmark_0415.smt2,120.0,120.0,12.47,0.1
benchmark_0491.smt2,120.0,120.0,12.51,0.09
benchmark_0227.smt2,120.0,120.0,12.46,0.1
benchmark_0282.smt2,120.0,120.0,12.33,0.11
benchmark_0319.smt2,120.0,120.0,12.25,0.13
benchmark_0164.smt2,120.0,120.0,20.79,0.09
benchmark_0445.smt2,120.0,120.0,12.54,0.08
benchmark_0167.smt2,120.0,120.0,12.32,0.08
benchmark_0343.smt2,120.0,120.0,12.52,0.07
benchmark_0457.smt2,120.0,120.0,12.1,0.08
benchmark_0179.smt2,120.0,120.0,8.54,0.08
benchmark_0467.smt2,120.0,120.0,12.33,0.08
benchmark_0454.smt2,120.0,120.0,12.27,0.08
benchmark_0161.smt2,120.0,120.0,17.34,0.08
benchmark_0106.smt2,120.0,120.0,17.83,0.08
benchmark_0021.smt2,120.0,120.0,12.48,0.08
benchmark_0156.smt2,120.0,120.0,12.56,0.08
benchmark_0399.smt2,120.0,120.0,12.29,0.08
benchmark_0307.smt2,120.0,120.0,12.4,0.08
benchmark_0317.smt2,120.0,120.0,12.26,0.08
benchmark_0155.smt2,120.0,120.0,12.29,0.07
benchmark_0423.smt2,120.0,120.0,12.07,0.08
benchmark_0364.smt2,120.0,120.0,12.07,0.09
benchmark_0334.smt2,120.0,120.0,20.52,0.1
benchmark_0497.smt2,120.0,120.0,11.88,0.09
benchmark_0192.smt2,120.0,120.0,12.36,0.1
benchmark_0417.smt2,120.0,120.0,11.98,0.1
benchmark_0391.smt2,120.0,120.0,11.68,0.1
benchmark_0006.smt2,120.0,120.0,11.98,0.09
benchmark_0406.smt2,120.0,120.0,11.94,0.09
benchmark_0349.smt2,120.0,120.0,11.83,0.09
benchmark_0486.smt2,120.0,120.0,12.15,0.1
benchmark_0123.smt2,120.0,120.0,20.56,0.09
benchmark_0431.smt2,120.0,120.0,12.33,0.08
benchmark_0024.smt2,120.0,120.0,8.04,0.08
benchmark_0138.smt2,120.0,120.0,8.71,0.09
benchmark_0027.smt2,120.0,120.0,11.97,0.09
benchmark_0247.smt2,120.0,120.0,12.29,0.1
benchmark_0046.smt2,120.0,120.0,12.02,0.09
benchmark_0120.smt2,120.0,120.0,7.45,0.1
benchmark_0193.smt2,120.0,120.0,12.24,0.09
benchmark_0174.smt2,120.0,120.0,7.71,0.09
benchmark_0198.smt2,120.0,120.0,12.21,0.1
benchmark_0036.smt2,120.0,120.0,11.5,0.1
benchmark_0153.smt2,120.0,120.0,7.28,0.09
benchmark_0274.smt2,120.0,120.0,11.71,0.1
benchmark_0093.smt2,120.0,120.0,11.93,0.1
benchmark_0189.smt2,120.0,120.0,12.46,0.09
benchmark_0068.smt2,120.0,120.0,12.43,0.09
benchmark_0012.smt2,120.0,120.0,12.53,0.09
benchmark_0246.smt2,120.0,120.0,12.51,0.09
benchmark_0358.smt2,120.0,120.0,11.88,0.09
benchmark_0039.smt2,120.0,120.0,12.42,0.09
benchmark_0296.smt2,120.0,120.0,11.93,0.09
benchmark_0250.smt2,120.0,120.0,12.42,0.1
benchmark_0074.smt2,120.0,120.0,12.22,0.11
benchmark_0322.smt2,120.0,120.0,8.9,0.09
benchmark_0206.smt2,120.0,120.0,7.29,0.1
benchmark_0328.smt2,120.0,120.0,18.52,0.09
benchmark_0184.smt2,120.0,120.0,17.84,0.09
benchmark_0142.smt2,120.0,120.0,12.28,0.09
benchmark_0049.smt2,120.0,120.0,12.22,0.12
benchmark_0372.smt2,120.0,120.0,12.18,0.11
benchmark_0128.smt2,120.0,120.0,12.15,0.1
benchmark_0347.smt2,120.0,120.0,11.94,0.1
benchmark_0095.smt2,120.0,120.0,11.88,0.09
benchmark_0463.smt2,120.0,120.0,12.48,0.1
benchmark_0010.smt2,120.0,120.0,11.9,0.1
benchmark_0386.smt2,120.0,120.0,16.59,0.1
benchmark_0134.smt2,120.0,120.0,7.52,0.1
benchmark_0025.smt2,120.0,120.0,12.5,0.1
benchmark_0488.smt2,120.0,120.0,12.49,0.1
benchmark_0229.smt2,120.0,120.0,12.21,0.1
benchmark_0033.smt2,120.0,120.0,12.23,0.1
benchmark_0350.smt2,120.0,120.0,12.35,0.1
benchmark_0004.smt2,120.0,120.0,12.37,0.1
benchmark_0304.smt2,120.0,120.0,12.73,0.1
benchmark_0447.smt2,120.0,120.0,20.86,0.1
benchmark_0294.smt2,120.0,120.0,21.07,0.1
benchmark_0345.smt2,120.0,120.0,12.0,0.1
benchmark_0125.smt2,120.0,120.0,12.55,0.08
benchmark_0133.smt2,120.0,120.0,12.26,0.09
benchmark_0171.smt2,120.0,120.0,12.21,0.1
benchmark_0361.smt2,120.0,120.0,20.73,0.1
benchmark_0115.smt2,120.0,120.0,12.48,0.09
benchmark_0311.smt2,120.0,120.0,12.23,0.1
benchmark_0208.smt2,120.0,120.0,12.38,0.09
benchmark_0205.smt2,120.0,120.0,12.26,0.1
benchmark_0102.smt2,120.0,120.0,21.33,0.09
benchmark_0058.smt2,120.0,120.0,20.68,0.09
benchmark_0360.smt2,120.0,120.0,17.15,0.1
benchmark_0370.smt2,120.0,120.0,12.34,0.1
benchmark_0455.smt2,120.0,120.0,12.15,0.09
benchmark_0051.smt2,120.0,120.0,12.33,0.1
benchmark_0122.smt2,120.0,120.0,12.62,0.1
benchmark_0239.smt2,120.0,120.0,12.41,0.1
benchmark_0297.smt2,120.0,120.0,17.32,0.1
benchmark_0270.smt2,120.0,120.0,18.08,0.1
benchmark_0055.smt2,120.0,120.0,21.33,0.1
benchmark_0374.smt2,120.0,120.0,12.17,0.09
benchmark_0088.smt2,120.0,120.0,12.0,0.1
benchmark_0252.smt2,120.0,120.0,12.32,0.08
benchmark_0365.smt2,120.0,120.0,20.86,0.09
benchmark_0377.smt2,120.0,120.0,12.23,0.1
benchmark_0494.smt2,120.0,120.0,12.17,0.09
benchmark_0145.smt2,120.0,120.0,18.31,0.09
benchmark_0188.smt2,120.0,120.0,12.31,0.08
benchmark_0262.smt2,120.0,120.0,18.53,0.1
benchmark_0160.smt2,120.0,120.0,11.98,0.09
benchmark_0204.smt2,120.0,120.0,11.78,0.09
benchmark_0124.smt2,120.0,120.0,12.05,0.09
benchmark_0022.smt2,120.0,120.0,16.86,0.09
benchmark_0407.smt2,120.0,120.0,11.77,0.11
benchmark_0071.smt2,120.0,120.0,11.77,0.09
benchmark_0079.smt2,120.0,120.0,12.12,0.09
benchmark_0087.smt2,120.0,120.0,11.91,0.09
benchmark_0396.smt2,120.0,120.0,16.44,0.1
benchmark_0260.smt2,120.0,120.0,11.82,0.09
benchmark_0371.smt2,120.0,120.0,11.67,0.1
benchmark_0416.smt2,120.0,120.0,11.92,0.1
benchmark_0220.smt2,120.0,120.0,11.81,0.1
benchmark_0435.smt2,120.0,120.0,11.98,0.08
benchmark_0330.smt2,120.0,120.0,15.43,0.09
benchmark_0404.smt2,120.0,120.0,11.81,0.09
benchmark_0421.smt2,120.0,120.0,11.72,0.09
benchmark_0403.smt2,120.0,120.0,11.86,0.09
benchmark_0448.smt2,120.0,120.0,12.39,0.09
benchmark_0150.smt2,120.0,120.0,15.14,0.1
benchmark_0154.smt2,120.0,120.0,20.77,0.1
benchmark_0290.smt2,120.0,120.0,12.12,0.09
benchmark_0086.smt2,120.0,120.0,12.4,0.09
benchmark_0419.smt2,120.0,120.0,11.8,0.09
benchmark_0005.smt2,120.0,120.0,11.55,0.1
benchmark_0368.smt2,120.0,120.0,17.09,0.1
benchmark_0331.smt2,120.0,120.0,12.07,0.09
benchmark_0332.smt2,120.0,120.0,17.1,0.09
benchmark_0214.smt2,120.0,120.0,12.21,0.09
benchmark_0325.smt2,120.0,120.0,11.89,0.1
benchmark_0011.smt2,120.0,120.0,11.8,0.1
benchmark_0498.smt2,120.0,120.0,11.46,0.07
benchmark_0057.smt2,120.0,120.0,11.8,0.08
benchmark_0014.smt2,120.0,120.0,11.8,0.08
benchmark_0413.smt2,120.0,120.0,20.67,0.09
benchmark_0383.smt2,120.0,120.0,7.46,0.07
benchmark_0327.smt2,120.0,120.0,11.63,0.09
benchmark_0314.smt2,120.0,120.0,12.07,0.09
benchmark_0477.smt2,120.0,120.0,11.8,0.09
benchmark_0196.smt2,120.0,120.0,11.82,0.09
benchmark_0085.smt2,120.0,120.0,15.33,0.1
benchmark_0400.smt2,120.0,120.0,11.77,0.09
benchmark_0344.smt2,120.0,120.0,11.89,0.09
benchmark_0114.smt2,120.0,120.0,11.54,0.09
benchmark_0195.smt2,120.0,120.0,11.64,0.09
benchmark_0500.smt2,120.0,120.0,7.41,0.09
benchmark_0180.smt2,120.0,120.0,11.81,0.1
benchmark_0283.smt2,120.0,120.0,11.62,0.09
benchmark_0468.smt2,120.0,120.0,11.84,0.09
benchmark_0305.smt2,120.0,120.0,11.54,0.1
benchmark_0320.smt2,120.0,120.0,11.81,0.1
benchmark_0474.smt2,120.0,120.0,11.42,0.08
benchmark_0141.smt2,120.0,120.0,16.56,0.1
benchmark_0254.smt2,120.0,120.0,12.12,0.09
benchmark_0272.smt2,120.0,120.0,11.65,0.09
benchmark_0080.smt2,120.0,120.0,11.61,0.09
benchmark_0031.smt2,120.0,120.0,11.94,0.09
benchmark_0168.smt2,120.0,120.0,11.94,0.1
benchmark_0072.smt2,120.0,120.0,11.78,0.09
benchmark_0440.smt2,120.0,120.0,11.7,0.08
benchmark_0163.smt2,120.0,120.0,8.45,0.1
benchmark_0070.smt2,120.0,120.0,11.93,0.09
benchmark_0398.smt2,120.0,120.0,12.08,0.09
benchmark_0213.smt2,120.0,120.0,11.71,0.09
benchmark_0493.smt2,120.0,120.0,12.08,0.1
benchmark_0393.smt2,120.0,120.0,11.69,0.1
benchmark_0013.smt2,120.0,120.0,11.66,0.09
benchmark_0464.smt2,120.0,120.0,12.52,0.09
benchmark_0003.smt2,120.0,120.0,7.5,0.09
benchmark_0275.smt2,120.0,120.0,11.93,0.1
benchmark_0129.smt2,120.0,120.0,12.04,0.09
benchmark_0309.smt2,120.0,120.0,20.47,0.09
benchmark_0436.smt2,120.0,120.0,18.55,0.08
benchmark_0248.smt2,120.0,120.0,8.48,0.09
benchmark_0388.smt2,120.0,120.0,12.74,0.09
benchmark_0201.smt2,120.0,120.0,15.04,0.09
benchmark_0235.smt2,120.0,120.0,12.15,0.09
benchmark_0499.smt2,120.0,120.0,120.0,0.08
benchmark_0451.smt2,120.0,120.0,12.72,0.11
benchmark_0378.smt2,120.0,120.0,9.09,0.09
benchmark_0342.smt2,120.0,120.0,12.09,0.1
benchmark_0182.smt2,120.0,120.0,16.97,0.1
benchmark_0083.smt2,120.0,120.0,11.91,0.1
benchmark_0065.smt2,120.0,120.0,8.19,0.09
benchmark_0061.smt2,120.0,120.0,12.6,0.09
benchmark_0225.smt2,120.0,120.0,18.84,0.09
benchmark_0209.smt2,120.0,120.0,12.25,0.09
benchmark_0340.smt2,120.0,120.0,12.11,0.09
benchmark_0312.smt2,120.0,120.0,12.38,0.09
benchmark_0444.smt2,120.0,120.0,12.27,0.09
benchmark_0376.smt2,120.0,120.0,11.77,0.09
benchmark_0140.smt2,120.0,120.0,12.38,0.08
benchmark_0041.smt2,120.0,120.0,20.69,0.09
benchmark_0242.smt2,120.0,120.0,16.15,0.08
benchmark_0221.smt2,120.0,120.0,11.9,0.1
benchmark_0379.smt2,120.0,120.0,12.93,0.1
benchmark_0356.smt2,120.0,120.0,12.55,0.09
benchmark_0434.smt2,120.0,120.0,7.94,0.08
benchmark_0411.smt2,120.0,120.0,12.48,0.09
benchmark_0110.smt2,120.0,120.0,12.74,0.09
benchmark_0277.smt2,120.0,120.0,12.49,0.09
benchmark_0301.smt2,120.0,120.0,11.87,0.1
benchmark_0291.smt2,120.0,120.0,12.5,0.08
benchmark_0446.smt2,120.0,120.0,12.22,0.1
benchmark_0281.smt2,120.0,120.0,12.26,0.09
benchmark_0425.smt2,120.0,120.0,12.16,0.08
benchmark_0443.smt2,120.0,120.0,12.37,0.1
benchmark_0481.smt2,120.0,120.0,12.7,0.08
benchmark_0269.smt2,120.0,120.0,13.0,0.09
benchmark_0132.smt2,120.0,120.0,12.87,0.1
benchmark_0478.smt2,120.0,120.0,21.74,0.09
benchmark_0173.smt2,120.0,120.0,12.92,0.1
benchmark_0023.smt2,120.0,120.0,13.27,0.09
benchmark_0147.smt2,120.0,120.0,8.41,0.09
benchmark_0237.smt2,120.0,120.0,12.64,0.08
benchmark_0414.smt2,120.0,120.0,13.56,0.09
benchmark_0405.smt2,120.0,120.0,12.44,0.09
benchmark_0279.smt2,120.0,120.0,12.92,0.09
benchmark_0338.smt2,120.0,120.0,13.17,0.09
benchmark_0231.smt2,120.0,120.0,12.19,0.09
benchmark_0418.smt2,120.0,120.0,12.5,0.08
benchmark_0127.smt2,120.0,120.0,120.0,0.08
benchmark_0144.smt2,120.0,120.0,21.59,0.08
benchmark_0324.smt2,120.0,120.0,12.76,0.08
benchmark_0078.smt2,120.0,120.0,12.81,0.08
benchmark_0357.smt2,120.0,120.0,12.11,0.08
benchmark_0045.smt2,120.0,120.0,12.63,0.08
benchmark_0105.smt2,120.0,120.0,9.32,0.09
benchmark_0234.smt2,120.0,120.0,12.65,0.1
benchmark_0329.smt2,120.0,120.0,18.47,0.08
benchmark_0100.smt2,120.0,120.0,12.14,0.09
benchmark_0007.smt2,120.0,120.0,12.8,0.09
benchmark_0348.smt2,120.0,120.0,12.98,0.09
benchmark_0427.smt2,120.0,120.0,12.24,0.08
benchmark_0202.smt2,120.0,120.0,12.72,0.09
benchmark_0148.smt2,120.0,120.0,11.96,0.1
benchmark_0394.smt2,120.0,120.0,17.04,0.08
benchmark_0303.smt2,120.0,120.0,17.74,0.09
benchmark_0458.smt2,120.0,120.0,12.08,0.07
benchmark_0276.smt2,120.0,120.0,12.33,0.1
benchmark_0308.smt2,120.0,120.0,12.16,0.1
benchmark_0295.smt2,120.0,120.0,16.97,0.11
benchmark_0352.smt2,120.0,120.0,12.73,0.1
benchmark_0119.smt2,120.0,120.0,12.49,0.09
benchmark_0211.smt2,120.0,120.0,11.69,0.09
benchmark_0438.smt2,120.0,120.0,11.4,0.07
benchmark_0026.smt2,120.0,120.0,12.52,0.08
benchmark_0210.smt2,120.0,120.0,12.27,0.08
benchmark_0266.smt2,120.0,120.0,12.35,0.1
benchmark_0339.smt2,120.0,120.0,12.31,0.09
benchmark_0077.smt2,120.0,120.0,11.92,0.08
benchmark_0476.smt2,120.0,120.0,12.03,0.09
benchmark_0130.smt2,120.0,120.0,11.51,0.1
benchmark_0433.smt2,120.0,120.0,12.23,0.08
benchmark_0241.smt2,120.0,120.0,13.3,0.09
benchmark_0395.smt2,120.0,120.0,12.28,0.09
benchmark_0410.smt2,120.0,120.0,12.97,0.09
benchmark_0420.smt2,120.0,120.0,120.0,0.09
benchmark_0223.smt2,120.0,120.0,12.52,0.09
benchmark_0107.smt2,120.0,120.0,12.27,0.08
benchmark_0484.smt2,120.0,120.0,8.84,0.1
benchmark_0409.smt2,120.0,120.0,120.0,0.08
benchmark_0278.smt2,120.0,120.0,16.12,0.11
benchmark_0067.smt2,120.0,120.0,12.27,0.09
benchmark_0097.smt2,120.0,120.0,12.39,0.09
benchmark_0461.smt2,120.0,120.0,8.21,0.1
benchmark_0244.smt2,120.0,120.0,12.48,0.09
benchmark_0212.smt2,120.0,120.0,20.47,0.14
benchmark_0259.smt2,120.0,120.0,12.69,0.09
benchmark_0116.smt2,120.0,120.0,16.65,0.09
benchmark_0165.smt2,120.0,120.0,12.04,0.09
benchmark_0047.smt2,120.0,120.0,17.68,0.09
benchmark_0181.smt2,120.0,120.0,11.72,0.08
benchmark_0480.smt2,120.0,120.0,12.53,0.1
benchmark_0268.smt2,120.0,120.0,11.98,0.12
benchmark_0265.smt2,120.0,120.0,12.23,0.16
benchmark_0199.smt2,120.0,120.0,12.39,0.1
benchmark_0487.smt2,120.0,120.0,11.7,0.08
benchmark_0200.smt2,120.0,120.0,11.3,0.07
benchmark_0430.smt2,120.0,120.0,12.51,0.09
benchmark_0354.smt2,120.0,120.0,18.23,0.09
benchmark_0449.smt2,120.0,120.0,12.31,0.08
benchmark_0149.smt2,120.0,120.0,12.73,0.09
benchmark_0397.smt2,120.0,120.0,12.01,0.09
benchmark_0017.smt2,120.0,120.0,11.99,0.09
benchmark_0485.smt2,120.0,120.0,12.21,0.1
benchmark_0048.smt2,120.0,120.0,12.53,0.1
benchmark_0104.smt2,120.0,120.0,12.21,0.07
benchmark_0002.smt2,120.0,120.0,15.54,0.09
benchmark_0194.smt2,120.0,120.0,15.42,0.09
benchmark_0495.smt2,120.0,120.0,120.0,0.08
benchmark_0126.smt2,120.0,120.0,12.85,0.09
benchmark_0288.smt2,120.0,120.0,12.44,0.12
benchmark_0240.smt2,120.0,120.0,12.1,0.1
benchmark_0424.smt2,120.0,120.0,12.94,0.08
benchmark_0032.smt2,120.0,120.0,12.12,0.09
benchmark_0313.smt2,120.0,120.0,12.17,0.12
benchmark_0151.smt2,120.0,120.0,17.97,0.08
benchmark_0197.smt2,120.0,120.0,11.81,0.1
benchmark_0292.smt2,120.0,120.0,12.94,0.12
benchmark_0109.smt2,120.0,120.0,12.34,0.09
benchmark_0169.smt2,120.0,120.0,120.0,0.1
benchmark_0018.smt2,120.0,120.0,12.01,0.09
benchmark_0389.smt2,120.0,120.0,16.95,0.09
benchmark_0300.smt2,120.0,120.0,20.55,0.1
benchmark_0326.smt2,120.0,120.0,12.33,0.09
benchmark_0232.smt2,120.0,120.0,12.16,0.09
benchmark_0082.smt2,120.0,120.0,12.9,0.09
benchmark_0217.smt2,120.0,120.0,11.84,0.1
benchmark_0267.smt2,120.0,120.0,12.51,0.09
benchmark_0233.smt2,120.0,120.0,12.41,0.1
benchmark_0369.smt2,120.0,120.0,12.36,0.1
benchmark_0271.smt2,120.0,120.0,12.25,0.09
benchmark_0137.smt2,120.0,120.0,12.32,0.09
benchmark_0001.smt2,120.0,120.0,12.14,0.09
benchmark_0335.smt2,120.0,120.0,11.58,0.09
benchmark_0158.smt2,120.0,120.0,16.94,0.13
benchmark_0336.smt2,120.0,120.0,8.15,0.09
benchmark_0387.smt2,120.0,120.0,12.96,0.11
benchmark_0310.smt2,120.0,120.0,12.11,0.1
benchmark_0355.smt2,120.0,120.0,16.17,0.09
benchmark_0462.smt2,120.0,120.0,6.57,0.08
benchmark_0069.smt2,120.0,120.0,12.18,0.08
benchmark_0459.smt2,120.0,120.0,11.57,0.08
benchmark_0183.smt2,120.0,120.0,11.56,0.08
benchmark_0472.smt2,120.0,120.0,11.75,0.08
benchmark_0062.smt2,120.0,120.0,11.52,0.08
benchmark_0261.smt2,120.0,120.0,11.52,0.07
benchmark_0187.smt2,120.0,120.0,12.07,0.08
benchmark_0426.smt2,120.0,120.0,11.59,0.08
benchmark_0092.smt2,120.0,120.0,12.28,0.08
benchmark_0337.smt2,120.0,120.0,11.32,0.08
benchmark_0253.smt2,120.0,120.0,11.61,0.08
benchmark_0034.smt2,120.0,120.0,11.67,0.08
benchmark_0136.smt2,120.0,120.0,6.65,0.08
benchmark_0098.smt2,120.0,120.0,11.48,0.08
benchmark_0020.smt2,120.0,120.0,11.78,0.08
benchmark_0471.smt2,120.0,120.0,6.63,0.08
benchmark_0216.smt2,120.0,120.0,11.46,0.08
benchmark_0099.smt2,120.0,120.0,7.6,0.07
benchmark_0043.smt2,120.0,120.0,11.97,0.08
benchmark_0429.smt2,120.0,120.0,16.64,0.08
benchmark_0469.smt2,120.0,120.0,6.88,0.08
benchmark_0191.smt2,120.0,120.0,11.68,0.08
benchmark_0382.smt2,120.0,120.0,16.7,0.08
benchmark_0075.smt2,120.0,120.0,11.86,0.08
benchmark_0284.smt2,120.0,120.0,11.56,0.08
benchmark_0059.smt2,120.0,120.0,11.37,0.08
benchmark_0289.smt2,120.0,120.0,11.6,0.08
benchmark_0035.smt2,120.0,120.0,11.33,0.07
benchmark_0286.smt2,120.0,120.0,11.83,0.08
benchmark_0108.smt2,120.0,120.0,6.47,0.08
benchmark_0470.smt2,120.0,120.0,11.91,0.08
benchmark_0118.smt2,120.0,120.0,11.61,0.08
benchmark_0016.smt2,120.0,120.0,6.89,0.08
benchmark_0375.smt2,120.0,120.0,11.65,0.07
benchmark_0113.smt2,120.0,120.0,11.43,0.08
benchmark_0152.smt2,120.0,120.0,11.5,0.08
benchmark_0385.smt2,120.0,120.0,11.66,0.08
benchmark_0186.smt2,120.0,120.0,11.89,0.08
benchmark_0380.smt2,120.0,120.0,11.92,0.08
benchmark_0190.smt2,120.0,120.0,12.03,0.08
benchmark_0084.smt2,120.0,120.0,12.07,0.08
benchmark_0008.smt2,120.0,120.0,11.61,0.08
benchmark_0053.smt2,120.0,120.0,11.44,0.08
benchmark_0367.smt2,120.0,120.0,16.37,0.08
benchmark_0441.smt2,120.0,120.0,11.71,0.08
benchmark_0466.smt2,120.0,120.0,11.72,0.08
benchmark_0038.smt2,120.0,120.0,11.58,0.08
benchmark_0490.smt2,120.0,120.0,11.53,0.08
benchmark_0112.smt2,120.0,120.0,11.54,0.08
benchmark_0015.smt2,120.0,120.0,16.28,0.07
benchmark_0162.smt2,120.0,120.0,11.8,0.08
benchmark_0073.smt2,120.0,120.0,11.55,0.08
benchmark_0293.smt2,120.0,120.0,17.18,0.08
benchmark_0428.smt2,120.0,120.0,6.86,0.08
benchmark_0170.smt2,120.0,120.0,7.1,0.08
benchmark_0456.smt2,120.0,120.0,11.38,0.08
benchmark_0159.smt2,120.0,120.0,11.81,0.08
benchmark_0316.smt2,120.0,120.0,7.18,0.07
benchmark_0273.smt2,120.0,120.0,11.63,0.07
benchmark_0096.smt2,120.0,120.0,11.6,0.07
benchmark_0064.smt2,120.0,120.0,11.69,0.08
benchmark_0157.smt2,120.0,120.0,11.71,0.08
benchmark_0453.smt2,120.0,120.0,12.07,0.09
benchmark_0146.smt2,120.0,120.0,11.58,0.08
benchmark_0028.smt2,120.0,120.0,7.72,0.09
benchmark_0166.smt2,120.0,120.0,16.19,0.09
benchmark_0219.smt2,120.0,120.0,11.64,0.08
benchmark_0056.smt2,120.0,120.0,18.07,0.08
benchmark_0243.smt2,120.0,120.0,11.34,0.08
benchmark_0060.smt2,120.0,120.0,15.67,0.07
benchmark_0390.smt2,120.0,120.0,11.67,0.08
benchmark_0222.smt2,120.0,120.0,16.84,0.08
benchmark_0131.smt2,120.0,120.0,11.47,0.07
benchmark_0029.smt2,120.0,120.0,11.66,0.07
benchmark_0009.smt2,120.0,120.0,15.12,0.08
benchmark_0076.smt2,120.0,120.0,17.16,0.08
benchmark_0323.smt2,120.0,120.0,7.16,0.08
benchmark_0019.smt2,120.0,120.0,6.66,0.08
benchmark_0321.smt2,120.0,120.0,17.31,0.09
benchmark_0333.smt2,120.0,120.0,11.49,0.08
benchmark_0412.smt2,120.0,120.0,11.73,0.08
benchmark_0121.smt2,120.0,120.0,11.61,0.07
benchmark_0346.smt2,120.0,120.0,11.59,0.07
benchmark_0384.smt2,120.0,120.0,8.04,0.08
benchmark_0318.smt2,120.0,120.0,7.31,0.08
benchmark_0185.smt2,120.0,120.0,6.69,0.07
benchmark_0285.smt2,120.0,120.0,11.49,0.07
benchmark_0302.smt2,120.0,120.0,11.98,0.08
benchmark_0460.smt2,120.0,120.0,11.74,0.08
benchmark_0139.smt2,120.0,120.0,11.51,0.08
benchmark_0117.smt2,120.0,120.0,11.66,0.07
benchmark_0362.smt2,120.0,120.0,11.91,0.08
benchmark_0442.smt2,120.0,120.0,11.59,0.08
benchmark_0218.smt2,120.0,120.0,12.4,0.07
benchmark_0215.smt2,120.0,120.0,11.61,0.07
benchmark_0496.smt2,120.0,120.0,18.21,0.08
benchmark_0063.smt2,120.0,120.0,11.79,0.08
benchmark_0439.smt2,120.0,120.0,11.83,0.08
benchmark_0228.smt2,120.0,120.0,11.92,0.08
benchmark_0351.smt2,120.0,120.0,11.52,0.08
benchmark_0251.smt2,120.0,120.0,11.59,0.08
benchmark_0479.smt2,120.0,120.0,11.78,0.08
benchmark_0177.smt2,120.0,120.0,12.17,0.09
benchmark_0437.smt2,120.0,120.0,11.96,0.08
benchmark_0245.smt2,120.0,120.0,7.24,0.08
benchmark_0475.smt2,120.0,120.0,17.94,0.08
benchmark_0408.smt2,120.0,120.0,11.94,0.08
benchmark_0492.smt2,120.0,120.0,17.13,0.07
benchmark_0052.smt2,120.0,120.0,15.85,0.08
benchmark_0081.smt2,120.0,120.0,11.67,0.08
benchmark_0255.smt2,120.0,120.0,11.96,0.08
benchmark_0432.smt2,120.0,120.0,11.74,0.08
benchmark_0366.smt2,120.0,120.0,11.67,0.08
benchmark_0315.smt2,120.0,120.0,11.84,0.07
benchmark_0236.smt2,120.0,120.0,11.72,0.08
benchmark_0452.smt2,120.0,120.0,11.62,0.08
benchmark_0402.smt2,120.0,120.0,11.87,0.08
benchmark_0287.smt2,120.0,120.0,11.75,0.08
benchmark_0373.smt2,120.0,120.0,11.76,0.08
benchmark_0263.smt2,120.0,120.0,11.62,0.08
benchmark_0353.smt2,120.0,120.0,11.56,0.08
benchmark_0111.smt2,120.0,120.0,20.86,0.08
benchmark_0256.smt2,120.0,120.0,11.45,0.06
benchmark_0489.smt2,120.0,120.0,11.92,0.08
benchmark_0280.smt2,120.0,120.0,11.69,0.08
benchmark_0226.smt2,120.0,120.0,11.55,0.07
benchmark_0483.smt2,120.0,120.0,15.01,0.07
benchmark_0258.smt2,120.0,120.0,11.67,0.08
benchmark_0037.smt2,120.0,120.0,11.38,0.08
benchmark_0178.smt2,120.0,120.0,12.01,0.08
benchmark_0473.smt2,120.0,120.0,11.66,0.07
benchmark_0090.smt2,120.0,120.0,11.66,0.08
benchmark_0264.smt2,120.0,120.0,11.79,0.08
benchmark_0054.smt2,120.0,120.0,12.19,0.08
benchmark_0135.smt2,120.0,120.0,6.89,0.08
benchmark_0238.smt2,120.0,120.0,15.13,0.08
benchmark_0381.smt2,120.0,120.0,12.41,0.08
benchmark_0224.smt2,120.0,120.0,11.83,0.08
benchmark_0094.smt2,120.0,120.0,11.89,0.08
benchmark_0143.smt2,120.0,120.0,11.71,0.08
benchmark_0207.smt2,120.0,120.0,15.78,0.08
benchmark_0465.smt2,120.0,120.0,16.43,0.08
benchmark_0298.smt2,106.63,120.0,12.19,0.09
benchmark_0249.smt2,120.0,120.0,4.7,0.06
benchmark_0450.smt2,120.0,120.0,4.79,0.07
benchmark_0040.smt2,120.0,120.0,4.62,0.06
benchmark_0203.smt2,120.0,120.0,4.88,0.06
benchmark_0363.smt2,120.0,120.0,4.16,0.07
benchmark_0101.smt2,120.0,120.0,4.25,0.06
benchmark_0422.smt2,120.0,120.0,4.5,0.06
benchmark_0299.smt2,120.0,120.0,4.76,0.06
benchmark_0044.smt2,120.0,120.0,3.81,0.07
benchmark_0482.smt2,120.0,120.0,3.9,0.06
benchmark_0306.smt2,120.0,120.0,3.92,0.06
benchmark_0050.smt2,120.0,120.0,3.75,0.07
benchmark_0091.smt2,120.0,120.0,3.69,0.07
benchmark_0257.smt2,120.0,120.0,3.79,0.06
benchmark_0042.smt2,120.0,120.0,3.89,0.07
benchmark_0089.smt2,120.0,120.0,3.64,0.07
benchmark_0066.smt2,120.0,120.0,3.78,0.07
benchmark_0230.smt2,120.0,120.0,3.76,0.07
benchmark_0103.smt2,120.0,120.0,3.77,0.07
benchmark_0176.smt2,120.0,120.0,3.72,0.07
benchmark_0401.smt2,120.0,120.0,3.83,0.07
benchmark_0172.smt2,120.0,120.0,3.73,0.06
benchmark_0341.smt2,120.0,120.0,3.89,0.07
benchmark_0392.smt2,120.0,120.0,3.76,0.06
benchmark_0030.smt2,120.0,120.0,3.69,0.07
benchmark_0359.smt2,120.0,120.0,3.78,0.07
benchmark_0175.smt2,120.0,120.0,3.81,0.07
benchmark_0415.smt2,120.0,120.0,3.63,0.07
benchmark_0491.smt2,120.0,120.0,3.73,0.06
benchmark_0227.smt2,120.0,120.0,3.66,0.07
benchmark_0282.smt2,120.0,120.0,3.86,0.07
benchmark_0319.smt2,120.0,120.0,3.66,0.07
benchmark_0164.smt2,120.0,120.0,3.79,0.07
benchmark_0445.smt2,120.0,120.0,3.99,0.06
benchmark_0167.smt2,120.0,120.0,3.66,0.07
benchmark_0343.smt2,120.0,120.0,3.59,0.07
benchmark_0457.smt2,120.0,120.0,3.72,0.07
benchmark_0179.smt2,120.0,120.0,3.8,0.06
benchmark_0467.smt2,120.0,120.0,3.74,0.07
benchmark_0454.smt2,120.0,120.0,3.76,0.06
benchmark_0161.smt2,120.0,120.0,3.66,0.06
benchmark_0106.smt2,120.0,120.0,3.7,0.06
benchmark_0021.smt2,120.0,120.0,3.77,0.06
benchmark_0156.smt2,120.0,120.0,3.85,0.07
benchmark_0399.smt2,120.0,120.0,3.67,0.06
benchmark_0307.smt2,120.0,120.0,3.67,0.07
benchmark_0317.smt2,120.0,120.0,3.8,0.06
benchmark_0155.smt2,120.0,120.0,3.58,0.06
benchmark_0423.smt2,120.0,120.0,3.98,0.06
benchmark_0364.smt2,120.0,120.0,4.03,0.07
benchmark_0334.smt2,120.0,120.0,3.96,0.07
benchmark_0497.smt2,120.0,120.0,3.91,0.06
benchmark_0192.smt2,120.0,120.0,3.56,0.07
benchmark_0417.smt2,120.0,120.0,3.76,0.07
benchmark_0391.smt2,120.0,120.0,3.9,0.06
benchmark_0006.smt2,120.0,120.0,3.62,0.07
benchmark_0406.smt2,120.0,120.0,3.71,0.06
benchmark_0349.smt2,120.0,120.0,3.83,0.07
benchmark_0486.smt2,120.0,120.0,3.31,0.07
benchmark_0123.smt2,120.0,120.0,4.23,0.07
benchmark_0431.smt2,120.0,120.0,3.7,0.07
benchmark_0024.smt2,120.0,120.0,3.71,0.06
benchmark_0138.smt2,120.0,120.0,3.9,0.06
benchmark_0027.smt2,120.0,120.0,3.87,0.06
benchmark_0247.smt2,120.0,120.0,3.71,0.06
benchmark_0046.smt2,120.0,120.0,3.91,0.07
benchmark_0120.smt2,120.0,120.0,3.58,0.07
benchmark_0193.smt2,120.0,120.0,3.79,0.07
benchmark_0174.smt2,120.0,120.0,3.81,0.07
benchmark_0198.smt2,120.0,120.0,3.63,0.06
benchmark_0036.smt2,120.0,120.0,3.75,0.08
benchmark_0153.smt2,120.0,120.0,3.88,0.07
benchmark_0274.smt2,120.0,120.0,3.69,0.07
benchmark_0093.smt2,120.0,120.0,3.54,0.07
benchmark_0189.smt2,120.0,120.0,3.67,0.07
benchmark_0068.smt2,120.0,120.0,3.69,0.07
benchmark_0012.smt2,120.0,120.0,3.77,0.07
benchmark_0246.smt2,120.0,120.0,3.87,0.07
benchmark_0358.smt2,120.0,120.0,3.78,0.07
benchmark_0039.smt2,120.0,120.0,3.87,0.07
benchmark_0296.smt2,120.0,120.0,4.05,0.07
benchmark_0250.smt2,120.0,120.0,3.77,0.07
benchmark_0074.smt2,120.0,120.0,3.8,0.07
benchmark_0322.smt2,120.0,120.0,3.8,0.07
benchmark_0206.smt2,120.0,120.0,3.69,0.07
benchmark_0328.smt2,120.0,120.0,3.91,0.06
benchmark_0184.smt2,120.0,120.0,3.45,0.06
benchmark_0142.smt2,120.0,120.0,3.82,0.06
benchmark_0049.smt2,120.0,120.0,3.76,0.06
benchmark_0372.smt2,120.0,120.0,3.72,0.06
benchmark_0128.smt2,120.0,120.0,3.73,0.07
benchmark_0347.smt2,120.0,120.0,3.81,0.07
benchmark_0095.smt2,120.0,120.0,3.85,0.07
benchmark_0463.smt2,120.0,120.0,3.85,0.07
benchmark_0010.smt2,120.0,120.0,3.63,0.07
benchmark_0386.smt2,120.0,120.0,3.99,0.07
benchmark_0134.smt2,120.0,120.0,3.9,0.06
benchmark_0025.smt2,120.0,120.0,3.88,0.07
benchmark_0488.smt2,120.0,120.0,3.76,0.07
benchmark_0229.smt2,120.0,120.0,3.75,0.07
benchmark_0033.smt2,120.0,120.0,4.16,0.06
benchmark_0350.smt2,120.0,120.0,3.61,0.07
benchmark_0004.smt2,120.0,120.0,3.71,0.07
benchmark_0304.smt2,120.0,120.0,3.93,0.06
benchmark_0447.smt2,120.0,120.0,3.83,0.07
benchmark_0294.smt2,120.0,120.0,3.79,0.07
benchmark_0345.smt2,120.0,120.0,3.7,0.07
benchmark_0125.smt2,120.0,120.0,4.19,0.06
benchmark_0133.smt2,120.0,120.0,3.85,0.06
benchmark_0171.smt2,120.0,120.0,3.73,0.06
benchmark_0361.smt2,120.0,120.0,3.77,0.06
benchmark_0115.smt2,120.0,120.0,4.0,0.07
benchmark_0311.smt2,120.0,120.0,4.17,0.06
benchmark_0208.smt2,120.0,120.0,3.94,0.06
benchmark_0205.smt2,120.0,120.0,3.91,0.06
benchmark_0102.smt2,120.0,120.0,4.06,0.06
benchmark_0058.smt2,120.0,120.0,4.15,0.06
benchmark_0360.smt2,120.0,120.0,3.99,0.06
benchmark_0370.smt2,120.0,120.0,4.0,0.06
benchmark_0455.smt2,120.0,120.0,3.92,0.06
benchmark_0051.smt2,120.0,120.0,3.77,0.07
benchmark_0122.smt2,120.0,120.0,4.2,0.07
benchmark_0239.smt2,120.0,120.0,3.84,0.07
benchmark_0297.smt2,120.0,120.0,3.79,0.07
benchmark_0270.smt2,120.0,120.0,3.78,0.06
benchmark_0055.smt2,120.0,120.0,3.82,0.06
benchmark_0374.smt2,120.0,120.0,3.9,0.06
benchmark_0088.smt2,120.0,120.0,3.77,0.06
benchmark_0252.smt2,120.0,120.0,3.64,0.07
benchmark_0365.smt2,120.0,120.0,3.72,0.07
benchmark_0377.smt2,120.0,120.0,3.88,0.06
benchmark_0494.smt2,120.0,120.0,3.64,0.06
benchmark_0145.smt2,120.0,120.0,3.88,0.07
benchmark_0188.smt2,120.0,120.0,3.95,0.07
benchmark_0262.smt2,120.0,120.0,3.67,0.06
benchmark_0160.smt2,120.0,120.0,3.87,0.06
benchmark_0204.smt2,120.0,120.0,3.82,0.07
benchmark_0124.smt2,120.0,120.0,3.69,0.07
benchmark_0022.smt2,120.0,120.0,3.57,0.07
benchmark_0407.smt2,120.0,120.0,3.49,0.06
benchmark_0071.smt2,120.0,120.0,3.75,0.06
benchmark_0079.smt2,120.0,120.0,3.85,0.06
benchmark_0087.smt2,120.0,120.0,3.55,0.06
benchmark_0396.smt2,120.0,120.0,4.01,0.06
benchmark_0260.smt2,120.0,120.0,3.71,0.07
benchmark_0371.smt2,120.0,120.0,3.56,0.07
benchmark_0416.smt2,120.0,120.0,3.65,0.06
benchmark_0220.smt2,120.0,120.0,3.67,0.06
benchmark_0435.smt2,120.0,120.0,3.94,0.06
benchmark_0330.smt2,120.0,120.0,4.11,0.06
benchmark_0404.smt2,120.0,120.0,3.88,0.06
benchmark_0421.smt2,120.0,120.0,3.67,0.06
benchmark_0403.smt2,120.0,120.0,3.58,0.07
benchmark_0448.smt2,120.0,120.0,3.72,0.07
benchmark_0150.smt2,120.0,120.0,3.63,0.06
benchmark_0154.smt2,120.0,120.0,3.73,0.06
benchmark_0290.smt2,120.0,120.0,3.77,0.06
benchmark_0086.smt2,120.0,120.0,3.74,0.06
benchmark_0419.smt2,120.0,120.0,3.51,0.06
benchmark_0005.smt2,120.0,120.0,4.21,0.06
benchmark_0368.smt2,120.0,120.0,3.6,0.07
benchmark_0331.smt2,120.0,120.0,3.76,0.07
benchmark_0332.smt2,120.0,120.0,3.65,0.06
benchmark_0214.smt2,120.0,120.0,3.73,0.06
benchmark_0325.smt2,120.0,120.0,3.4,0.06
benchmark_0011.smt2,120.0,120.0,3.55,0.06
benchmark_0498.smt2,120.0,120.0,3.72,0.06
benchmark_0057.smt2,120.0,120.0,3.95,0.06
benchmark_0014.smt2,120.0,120.0,4.12,0.07
benchmark_0413.smt2,120.0,120.0,3.84,0.07
benchmark_0383.smt2,120.0,120.0,4.06,0.07
benchmark_0327.smt2,120.0,120.0,3.57,0.07
benchmark_0314.smt2,120.0,120.0,3.99,0.06
benchmark_0477.smt2,120.0,120.0,3.79,0.06
benchmark_0196.smt2,120.0,120.0,4.0,0.06
benchmark_0085.smt2,120.0,120.0,3.63,0.06
benchmark_0400.smt2,120.0,120.0,3.68,0.07
benchmark_0344.smt2,120.0,120.0,3.87,0.07
benchmark_0114.smt2,120.0,120.0,3.85,0.07
benchmark_0195.smt2,120.0,120.0,3.66,0.06
benchmark_0500.smt2,120.0,120.0,4.04,0.06
benchmark_0180.smt2,120.0,120.0,3.81,0.06
benchmark_0283.smt2,120.0,120.0,3.67,0.06
benchmark_0468.smt2,120.0,120.0,3.58,0.07
benchmark_0305.smt2,120.0,120.0,3.65,0.06
benchmark_0320.smt2,120.0,120.0,3.97,0.06
benchmark_0474.smt2,120.0,120.0,4.2,0.06
benchmark_0141.smt2,120.0,120.0,3.73,0.06
benchmark_0254.smt2,120.0,120.0,3.73,0.06
benchmark_0272.smt2,120.0,120.0,3.89,0.06
benchmark_0080.smt2,120.0,120.0,3.6,0.06
benchmark_0031.smt2,120.0,120.0,3.93,0.06
benchmark_0168.smt2,120.0,120.0,3.75,0.06
benchmark_0072.smt2,120.0,120.0,3.92,0.07
benchmark_0440.smt2,120.0,120.0,3.57,0.08
benchmark_0163.smt2,120.0,120.0,3.73,0.07
benchmark_0070.smt2,120.0,120.0,3.75,0.07
benchmark_0398.smt2,120.0,120.0,4.1,0.07
benchmark_0213.smt2,120.0,120.0,3.81,0.06
benchmark_0493.smt2,120.0,120.0,3.75,0.07
benchmark_0393.smt2,120.0,120.0,3.83,0.07
benchmark_0013.smt2,120.0,120.0,3.54,0.07
benchmark_0464.smt2,120.0,120.0,3.81,0.07
benchmark_0003.smt2,120.0,120.0,3.84,0.07
benchmark_0275.smt2,120.0,120.0,3.8,0.07
benchmark_0129.smt2,120.0,120.0,3.98,0.07
benchmark_0309.smt2,120.0,120.0,4.02,0.07
benchmark_0436.smt2,120.0,120.0,3.62,0.07
benchmark_0248.smt2,120.0,120.0,3.77,0.07
benchmark_0388.smt2,120.0,120.0,3.85,0.07
benchmark_0201.smt2,120.0,120.0,3.76,0.07
benchmark_0235.smt2,120.0,120.0,3.83,0.07
benchmark_0499.smt2,120.0,120.0,3.84,0.07
benchmark_0451.smt2,120.0,120.0,3.81,0.07
benchmark_0378.smt2,120.0,120.0,3.73,0.07
benchmark_0342.smt2,120.0,120.0,3.64,0.07
benchmark_0182.smt2,120.0,120.0,3.76,0.07
benchmark_0083.smt2,120.0,120.0,3.8,0.07
benchmark_0065.smt2,120.0,120.0,3.58,0.07
benchmark_0061.smt2,120.0,120.0,4.12,0.07
benchmark_0225.smt2,120.0,120.0,3.6,0.07
benchmark_0209.smt2,120.0,120.0,3.79,0.07
benchmark_0340.smt2,120.0,120.0,3.77,0.07
benchmark_0312.smt2,120.0,120.0,3.85,0.07
benchmark_0444.smt2,120.0,120.0,3.69,0.06
benchmark_0376.smt2,120.0,120.0,3.67,0.06
benchmark_0140.smt2,120.0,120.0,3.76,0.06
benchmark_0041.smt2,120.0,120.0,3.91,0.06
benchmark_0242.smt2,120.0,120.0,4.25,0.07
benchmark_0221.smt2,120.0,120.0,3.94,0.07
benchmark_0379.smt2,120.0,120.0,3.79,0.06
benchmark_0356.smt2,120.0,120.0,4.23,0.06
benchmark_0434.smt2,120.0,120.0,3.67,0.06
benchmark_0411.smt2,120.0,120.0,4.06,0.06
benchmark_0110.smt2,120.0,120.0,3.94,0.07
benchmark_0277.smt2,120.0,120.0,3.74,0.07
benchmark_0301.smt2,120.0,120.0,3.72,0.07
benchmark_0291.smt2,120.0,120.0,3.9,0.07
benchmark_0446.smt2,120.0,120.0,3.64,0.07
benchmark_0281.smt2,120.0,120.0,3.75,0.07
benchmark_0425.smt2,120.0,120.0,3.94,0.07
benchmark_0443.smt2,120.0,120.0,3.94,0.07
benchmark_0481.smt2,120.0,120.0,3.75,0.07
benchmark_0269.smt2,120.0,120.0,3.83,0.07
benchmark_0132.smt2,120.0,120.0,3.88,0.07
benchmark_0478.smt2,120.0,120.0,3.79,0.07
benchmark_0173.smt2,120.0,120.0,4.08,0.06
benchmark_0023.smt2,120.0,120.0,4.12,0.06
benchmark_0147.smt2,120.0,120.0,3.77,0.06
benchmark_0237.smt2,120.0,120.0,3.7,0.06
benchmark_0414.smt2,120.0,120.0,3.69,0.06
benchmark_0405.smt2,120.0,120.0,3.79,0.06
benchmark_0279.smt2,120.0,120.0,3.89,0.06
benchmark_0338.smt2,120.0,120.0,3.73,0.07
benchmark_0231.smt2,120.0,120.0,3.81,0.06
benchmark_0418.smt2,120.0,120.0,3.61,0.06
benchmark_0127.smt2,120.0,120.0,3.78,0.08
benchmark_0144.smt2,120.0,120.0,3.66,0.07
benchmark_0324.smt2,120.0,120.0,3.84,0.07
benchmark_0078.smt2,120.0,120.0,3.76,0.07
benchmark_0357.smt2,120.0,120.0,3.71,0.07
benchmark_0045.smt2,120.0,120.0,3.93,0.06
benchmark_0105.smt2,120.0,120.0,3.83,0.07
benchmark_0234.smt2,120.0,120.0,3.69,0.07
benchmark_0329.smt2,120.0,120.0,3.77,0.06
benchmark_0100.smt2,120.0,120.0,3.74,0.07
benchmark_0007.smt2,120.0,120.0,3.76,0.07
benchmark_0348.smt2,120.0,120.0,3.97,0.07
benchmark_0427.smt2,120.0,120.0,4.14,0.07
benchmark_0202.smt2,120.0,120.0,3.8,0.07
benchmark_0148.smt2,120.0,120.0,3.92,0.07
benchmark_0394.smt2,120.0,120.0,3.9,0.07
benchmark_0303.smt2,120.0,120.0,3.88,0.07
benchmark_0458.smt2,120.0,120.0,3.77,0.06
benchmark_0276.smt2,120.0,120.0,3.83,0.07
benchmark_0308.smt2,120.0,120.0,3.74,0.07
benchmark_0295.smt2,120.0,120.0,3.98,0.07
benchmark_0352.smt2,120.0,120.0,3.91,0.06
benchmark_0119.smt2,120.0,120.0,3.87,0.06
benchmark_0211.smt2,120.0,120.0,4.09,0.06
benchmark_0438.smt2,120.0,120.0,3.84,0.07
benchmark_0026.smt2,120.0,120.0,3.72,0.06
benchmark_0210.smt2,120.0,120.0,3.95,0.07
benchmark_0266.smt2,120.0,120.0,3.93,0.07
benchmark_0339.smt2,120.0,120.0,3.95,0.07
benchmark_0077.smt2,120.0,120.0,4.03,0.07
benchmark_0476.smt2,120.0,120.0,3.79,0.07
benchmark_0130.smt2,120.0,120.0,3.88,0.07
benchmark_0433.smt2,120.0,120.0,4.07,0.07
benchmark_0241.smt2,120.0,120.0,3.68,0.07
benchmark_0395.smt2,120.0,120.0,3.84,0.07
benchmark_0410.smt2,120.0,120.0,3.8,0.07
benchmark_0420.smt2,120.0,120.0,3.95,0.07
benchmark_0223.smt2,120.0,120.0,3.94,0.06
benchmark_0107.smt2,120.0,120.0,3.9,0.06
benchmark_0484.smt2,120.0,120.0,3.81,0.06
benchmark_0409.smt2,120.0,120.0,3.87,0.06
benchmark_0278.smt2,120.0,120.0,3.88,0.07
benchmark_0067.smt2,120.0,120.0,3.8,0.07
benchmark_0097.smt2,120.0,120.0,4.05,0.07
benchmark_0461.smt2,120.0,120.0,4.1,0.07
benchmark_0244.smt2,120.0,120.0,4.02,0.07
benchmark_0212.smt2,120.0,120.0,3.89,0.07
benchmark_0259.smt2,120.0,120.0,3.72,0.06
benchmark_0116.smt2,120.0,120.0,4.07,0.06
benchmark_0165.smt2,120.0,120.0,4.08,0.06
benchmark_0047.smt2,120.0,120.0,3.87,0.06
benchmark_0181.smt2,120.0,120.0,3.94,0.07
benchmark_0480.smt2,120.0,120.0,4.19,0.07
benchmark_0268.smt2,120.0,120.0,4.05,0.06
benchmark_0265.smt2,120.0,120.0,3.86,0.06
benchmark_0199.smt2,120.0,120.0,3.73,0.07
benchmark_0487.smt2,120.0,120.0,3.95,0.07
benchmark_0200.smt2,120.0,120.0,3.96,0.06
benchmark_0430.smt2,120.0,120.0,3.73,0.06
benchmark_0354.smt2,120.0,120.0,3.6,0.07
benchmark_0449.smt2,120.0,120.0,3.75,0.07
benchmark_0149.smt2,120.0,120.0,3.6,0.07
benchmark_0397.smt2,120.0,120.0,3.76,0.07
benchmark_0017.smt2,120.0,120.0,3.81,0.07
benchmark_0485.smt2,120.0,120.0,3.8,0.07
benchmark_0048.smt2,120.0,120.0,3.72,0.07
benchmark_0104.smt2,120.0,120.0,3.88,0.07
benchmark_0002.smt2,120.0,120.0,3.91,0.07
benchmark_0194.smt2,120.0,120.0,3.94,0.07
benchmark_0495.smt2,120.0,120.0,4.03,0.07
benchmark_0126.smt2,120.0,120.0,3.87,0.06
benchmark_0288.smt2,120.0,120.0,3.65,0.07
benchmark_0240.smt2,120.0,120.0,3.71,0.06
benchmark_0424.smt2,120.0,120.0,3.79,0.06
benchmark_0032.smt2,120.0,120.0,3.95,0.07
benchmark_0313.smt2,120.0,120.0,3.84,0.07
benchmark_0151.smt2,120.0,120.0,3.9,0.07
benchmark_0197.smt2,120.0,120.0,3.74,0.07
benchmark_0292.smt2,120.0,120.0,3.84,0.07
benchmark_0109.smt2,120.0,120.0,3.65,0.07
benchmark_0169.smt2,120.0,120.0,3.99,0.06
benchmark_0018.smt2,120.0,120.0,3.74,0.06
benchmark_0389.smt2,120.0,120.0,3.65,0.06
benchmark_0300.smt2,120.0,120.0,3.77,0.07
benchmark_0326.smt2,120.0,120.0,3.68,0.07
benchmark_0232.smt2,120.0,120.0,3.98,0.07
benchmark_0082.smt2,120.0,120.0,3.66,0.07
benchmark_0217.smt2,120.0,120.0,3.77,0.07
benchmark_0267.smt2,120.0,120.0,3.69,0.07
benchmark_0233.smt2,120.0,120.0,3.87,0.06
benchmark_0369.smt2,120.0,120.0,3.86,0.06
benchmark_0271.smt2,120.0,120.0,4.22,0.06
benchmark_0137.smt2,120.0,120.0,3.83,0.06
benchmark_0001.smt2,120.0,120.0,3.57,0.06
benchmark_0335.smt2,120.0,120.0,3.56,0.07
benchmark_0158.smt2,120.0,120.0,3.62,0.07
benchmark_0336.smt2,120.0,120.0,3.71,0.07
benchmark_0387.smt2,120.0,120.0,3.85,0.07
benchmark_0310.smt2,120.0,120.0,4.12,0.06
benchmark_0355.smt2,120.0,120.0,3.93,0.07
benchmark_0462.smt2,120.0,120.0,4.18,0.06
benchmark_0069.smt2,120.0,120.0,3.84,0.07
benchmark_0459.smt2,120.0,120.0,3.84,0.07
benchmark_0183.smt2,120.0,120.0,3.44,0.07
benchmark_0472.smt2,120.0,120.0,3.78,0.07
benchmark_0062.smt2,120.0,120.0,3.75,0.07
benchmark_0261.smt2,120.0,120.0,4.05,0.07
benchmark_0187.smt2,120.0,120.0,3.74,0.06
benchmark_0426.smt2,120.0,120.0,3.61,0.06
benchmark_0092.smt2,120.0,120.0,3.76,0.06
benchmark_0337.smt2,120.0,120.0,3.95,0.07
benchmark_0253.smt2,120.0,120.0,3.62,0.06
benchmark_0034.smt2,120.0,120.0,3.74,0.06
benchmark_0136.smt2,120.0,120.0,3.79,0.06
benchmark_0098.smt2,120.0,120.0,3.79,0.06
benchmark_0020.smt2,120.0,120.0,4.16,0.06
benchmark_0471.smt2,120.0,120.0,3.96,0.06
benchmark_0216.smt2,120.0,120.0,3.55,0.07
benchmark_0099.smt2,120.0,120.0,3.91,0.07
benchmark_0043.smt2,120.0,120.0,3.56,0.07
benchmark_0429.smt2,120.0,120.0,3.32,0.07
benchmark_0469.smt2,120.0,120.0,3.96,0.07
benchmark_0191.smt2,120.0,120.0,3.86,0.06
benchmark_0382.smt2,120.0,120.0,4.24,0.06
benchmark_0075.smt2,120.0,120.0,3.88,0.06
benchmark_0284.smt2,120.0,120.0,3.86,0.06
benchmark_0059.smt2,120.0,120.0,4.11,0.07
benchmark_0289.smt2,120.0,120.0,3.89,0.07
benchmark_0035.smt2,120.0,120.0,3.83,0.06
benchmark_0286.smt2,120.0,120.0,3.81,0.07
benchmark_0108.smt2,120.0,120.0,3.88,0.07
benchmark_0470.smt2,120.0,120.0,3.88,0.06
benchmark_0118.smt2,120.0,120.0,3.68,0.06
benchmark_0016.smt2,120.0,120.0,3.7,0.06
benchmark_0375.smt2,120.0,120.0,3.78,0.07
benchmark_0113.smt2,120.0,120.0,4.06,0.07
benchmark_0152.smt2,120.0,120.0,3.89,0.07
benchmark_0385.smt2,120.0,120.0,3.64,0.07
benchmark_0186.smt2,120.0,120.0,3.84,0.06
benchmark_0380.smt2,120.0,120.0,3.77,0.06
benchmark_0190.smt2,120.0,120.0,3.82,0.07
benchmark_0084.smt2,120.0,120.0,3.9,0.07
benchmark_0008.smt2,120.0,120.0,3.94,0.06
benchmark_0053.smt2,120.0,120.0,3.85,0.07
benchmark_0367.smt2,120.0,120.0,3.89,0.06
benchmark_0441.smt2,120.0,120.0,3.75,0.07
benchmark_0466.smt2,120.0,120.0,3.8,0.06
benchmark_0038.smt2,120.0,120.0,3.79,0.06
benchmark_0490.smt2,120.0,120.0,3.71,0.06
benchmark_0112.smt2,120.0,120.0,3.91,0.07
benchmark_0015.smt2,120.0,120.0,3.85,0.07
benchmark_0162.smt2,120.0,120.0,3.82,0.07
benchmark_0073.smt2,120.0,120.0,3.77,0.07
benchmark_0293.smt2,120.0,120.0,3.85,0.07
benchmark_0428.smt2,120.0,120.0,3.82,0.07
benchmark_0170.smt2,120.0,120.0,3.97,0.07
benchmark_0456.smt2,120.0,120.0,3.92,0.07
benchmark_0159.smt2,120.0,120.0,3.72,0.07
benchmark_0316.smt2,120.0,120.0,3.65,0.06
benchmark_0273.smt2,120.0,120.0,3.77,0.07
benchmark_0096.smt2,120.0,120.0,3.87,0.07
benchmark_0064.smt2,120.0,120.0,3.95,0.07
benchmark_0157.smt2,120.0,120.0,3.91,0.06
benchmark_0453.smt2,120.0,120.0,3.88,0.07
benchmark_0146.smt2,120.0,120.0,3.87,0.07
benchmark_0028.smt2,120.0,120.0,3.63,0.07
benchmark_0166.smt2,120.0,120.0,3.86,0.06
benchmark_0219.smt2,120.0,120.0,3.52,0.06
benchmark_0056.smt2,120.0,120.0,4.13,0.06
benchmark_0243.smt2,120.0,120.0,3.83,0.07
benchmark_0060.smt2,120.0,120.0,3.74,0.07
benchmark_0390.smt2,120.0,120.0,3.91,0.06
benchmark_0222.smt2,120.0,120.0,3.75,0.06
benchmark_0131.smt2,120.0,120.0,3.81,0.06
benchmark_0029.smt2,120.0,120.0,3.95,0.06
benchmark_0009.smt2,120.0,120.0,3.75,0.06
benchmark_0076.smt2,120.0,120.0,4.02,0.07
benchmark_0323.smt2,120.0,120.0,3.74,0.07
benchmark_0019.smt2,120.0,120.0,3.84,0.07
benchmark_0321.smt2,120.0,120.0,3.77,0.06
benchmark_0333.smt2,120.0,120.0,3.8,0.07
benchmark_0412.smt2,120.0,120.0,3.96,0.07
benchmark_0121.smt2,120.0,120.0,3.55,0.07
benchmark_0346.smt2,120.0,120.0,3.89,0.07
benchmark_0384.smt2,120.0,120.0,4.01,0.07
benchmark_0318.smt2,120.0,120.0,3.83,0.07
benchmark_0185.smt2,120.0,120.0,3.9,0.06
benchmark_0285.smt2,120.0,120.0,3.73,0.06
benchmark_0302.smt2,120.0,120.0,4.13,0.07
benchmark_0460.smt2,120.0,120.0,3.98,0.07
benchmark_0139.smt2,120.0,120.0,3.71,0.06
benchmark_0117.smt2,120.0,120.0,3.67,0.07
benchmark_0362.smt2,120.0,120.0,3.81,0.07
benchmark_0442.smt2,120.0,120.0,4.19,0.07
benchmark_0218.smt2,120.0,120.0,3.79,0.07
benchmark_0215.smt2,120.0,120.0,3.95,0.07
benchmark_0496.smt2,120.0,120.0,3.75,0.07
benchmark_0063.smt2,120.0,120.0,3.82,0.07
benchmark_0439.smt2,120.0,120.0,3.92,0.07
benchmark_0228.smt2,120.0,120.0,3.7,0.07
benchmark_0351.smt2,120.0,120.0,3.79,0.07
benchmark_0251.smt2,120.0,120.0,4.03,0.07
benchmark_0479.smt2,120.0,120.0,3.71,0.07
benchmark_0177.smt2,120.0,120.0,3.76,0.06
benchmark_0437.smt2,120.0,120.0,3.88,0.06
benchmark_0245.smt2,120.0,120.0,3.79,0.06
benchmark_0475.smt2,120.0,120.0,3.7,0.06
benchmark_0408.smt2,120.0,120.0,3.78,0.07
benchmark_0492.smt2,120.0,120.0,3.97,0.07
benchmark_0052.smt2,120.0,120.0,3.92,0.07
benchmark_0081.smt2,120.0,120.0,3.78,0.06
benchmark_0255.smt2,120.0,120.0,3.84,0.06
benchmark_0432.smt2,120.0,120.0,3.77,0.07
benchmark_0366.smt2,120.0,120.0,3.86,0.06
benchmark_0315.smt2,120.0,120.0,3.94,0.07
benchmark_0236.smt2,120.0,120.0,3.9,0.07
benchmark_0452.smt2,120.0,120.0,4.05,0.07
benchmark_0402.smt2,120.0,120.0,3.77,0.07
benchmark_0287.smt2,120.0,120.0,3.88,0.07
benchmark_0373.smt2,120.0,120.0,3.91,0.1
benchmark_0263.smt2,120.0,120.0,3.65,0.07
benchmark_0353.smt2,120.0,120.0,3.67,0.06
benchmark_0111.smt2,120.0,120.0,3.67,0.07
benchmark_0256.smt2,120.0,120.0,4.05,0.07
benchmark_0489.smt2,120.0,120.0,4.13,0.07
benchmark_0280.smt2,120.0,120.0,3.95,0.07
benchmark_0226.smt2,120.0,120.0,3.79,0.07
benchmark_0483.smt2,120.0,120.0,3.94,0.07
benchmark_0258.smt2,120.0,120.0,4.02,0.08
benchmark_0037.smt2,120.0,120.0,4.12,0.07
benchmark_0178.smt2,120.0,120.0,3.9,0.07
benchmark_0473.smt2,120.0,120.0,4.09,0.07
benchmark_0090.smt2,120.0,120.0,3.79,0.07
benchmark_0264.smt2,120.0,120.0,3.64,0.07
benchmark_0054.smt2,120.0,120.0,3.86,0.07
benchmark_0135.smt2,120.0,120.0,3.87,0.07
benchmark_0238.smt2,120.0,120.0,3.88,0.07
benchmark_0381.smt2,120.0,120.0,3.78,0.07
benchmark_0224.smt2,120.0,120.0,3.71,0.07
benchmark_0094.smt2,120.0,120.0,3.84,0.07
benchmark_0143.smt2,120.0,120.0,4.16,0.06
benchmark_0207.smt2,120.0,120.0,3.89,0.07
benchmark_0465.smt2,120.0,120.0,3.85,0.07
01_track_1.smt2,0.52,0.03,2.56,0.59
01_track_100.smt2,120.0,120.0,9.08,0.62
01_track_101.smt2,120.0,0.05,120.0,0.45
01_track_102.smt2,1.13,0.04,2.64,0.44
01_track_103.smt2,120.0,0.04,22.0,0.06
01_track_104.smt2,0.94,0.04,3.74,0.06
01_track_105.smt2,120.0,0.03,30.24,0.05
01_track_107.smt2,1.88,0.04,18.87,0.05
01_track_108.smt2,2.79,0.04,1.78,0.05
01_track_109.smt2,120.0,0.06,42.95,0.09
01_track_11.smt2,0.77,0.04,3.3,0.05
01_track_110.smt2,120.0,0.05,120.0,0.06
01_track_111.smt2,120.0,120.0,56.18,0.08
01_track_112.smt2,0.54,0.04,2.04,0.08
01_track_113.smt2,120.0,0.04,4.28,0.06
01_track_115.smt2,0.65,0.04,2.65,0.06
01_track_116.smt2,1.19,0.03,3.38,0.06
01_track_117.smt2,120.0,0.04,48.64,0.06
01_track_118.smt2,120.0,0.04,26.69,0.05
01_track_119.smt2,0.55,0.04,4.05,0.05
01_track_12.smt2,120.0,0.04,10.96,0.05
01_track_120.smt2,3.17,0.04,7.31,0.07
01_track_121.smt2,1.04,0.04,1.72,0.05
01_track_122.smt2,120.0,0.04,76.81,0.07
01_track_123.smt2,120.0,0.04,3.91,0.07
01_track_124.smt2,1.65,0.03,37.34,0.05
01_track_125.smt2,120.0,0.03,11.69,0.06
01_track_126.smt2,1.52,0.04,3.73,0.06
01_track_127.smt2,1.74,0.04,23.86,0.05
01_track_128.smt2,0.47,0.04,1.36,0.05
01_track_129.smt2,0.51,0.04,1.43,0.05
01_track_13.smt2,0.64,0.04,2.84,0.05
01_track_130.smt2,0.56,0.03,1.65,0.05
01_track_131.smt2,120.0,0.04,59.01,0.07
01_track_132.smt2,2.39,0.05,101.9,0.06
01_track_133.smt2,116.09,0.04,2.86,0.07
01_track_134.smt2,120.0,0.03,48.01,0.05
01_track_135.smt2,120.0,120.0,5.24,0.28
01_track_136.smt2,120.0,0.05,9.81,0.05
01_track_137.smt2,120.0,0.04,97.82,0.06
01_track_138.smt2,0.72,0.04,2.92,0.06
01_track_139.smt2,21.99,0.04,5.71,0.08
01_track_14.smt2,0.66,0.03,1.61,0.05
01_track_142.smt2,9.73,0.02,20.86,0.05
01_track_143.smt2,120.0,0.04,10.47,0.1
01_track_146.smt2,0.57,0.04,1.62,0.05
01_track_147.smt2,0.81,0.04,3.14,0.08
01_track_149.smt2,0.63,0.05,4.6,0.05
01_track_15.smt2,120.0,0.04,29.43,0.06
01_track_150.smt2,106.07,0.05,2.02,0.06
01_track_151.smt2,1.69,0.04,5.05,0.06
01_track_152.smt2,2.54,0.04,1.79,0.05
01_track_153.smt2,1.22,0.03,3.73,0.06
01_track_154.smt2,0.55,0.04,1.82,0.05
01_track_155.smt2,120.0,0.03,9.23,0.05
01_track_156.smt2,2.36,0.04,7.99,0.06
01_track_157.smt2,120.0,0.04,21.78,0.05
01_track_158.smt2,120.0,0.03,2.46,0.06
01_track_159.smt2,120.0,0.05,120.0,0.06
01_track_16.smt2,120.0,0.05,5.13,0.07
01_track_160.smt2,0.81,0.03,1.82,0.05
01_track_161.smt2,24.41,0.05,120.0,0.06
01_track_162.smt2,120.0,0.04,3.78,0.06
01_track_163.smt2,0.74,0.05,3.66,0.06
01_track_164.smt2,0.63,0.04,8.01,0.05
01_track_165.smt2,0.93,0.05,8.8,0.06
01_track_167.smt2,0.78,0.05,1.8,0.05
01_track_168.smt2,7.88,0.04,19.6,0.05
01_track_169.smt2,5.68,0.04,2.72,0.06
01_track_17.smt2,44.77,120.0,10.41,0.06
01_track_170.smt2,3.33,0.04,1.86,0.05
01_track_171.smt2,1.25,0.04,29.37,0.05
01_track_172.smt2,0.95,0.04,3.97,0.06
01_track_173.smt2,1.64,0.04,40.63,0.06
01_track_174.smt2,120.0,120.0,5.9,0.07
01_track_175.smt2,1.35,0.03,1.69,0.05
01_track_176.smt2,0.46,0.03,1.9,0.05
01_track_177.smt2,120.0,0.04,120.0,0.06
01_track_178.smt2,120.0,0.04,120.0,0.09
01_track_179.smt2,3.27,0.03,28.08,0.05
01_track_18.smt2,120.0,0.04,18.67,0.05
01_track_180.smt2,1.64,0.03,1.64,0.05
01_track_181.smt2,1.02,0.04,29.84,0.05
01_track_182.smt2,0.84,0.05,4.72,0.06
01_track_183.smt2,6.1,0.04,21.8,0.05
01_track_184.smt2,1.85,0.04,120.0,0.06
01_track_185.smt2,0.66,0.04,1.6,0.05
01_track_186.smt2,0.87,0.05,31.49,0.06
01_track_188.smt2,120.0,0.05,120.0,0.08
01_track_189.smt2,120.0,0.07,2.95,0.06
01_track_19.smt2,0.77,0.04,4.42,0.05
01_track_191.smt2,120.0,0.04,3.54,0.06
01_track_192.smt2,0.79,0.05,1.99,0.05
01_track_193.smt2,0.53,0.03,1.43,0.05
01_track_194.smt2,120.0,0.06,2.38,0.06
01_track_195.smt2,0.78,0.04,1.89,0.05
01_track_196.smt2,1.09,0.03,21.1,0.05
01_track_197.smt2,1.21,0.07,26.1,0.05
01_track_198.smt2,120.0,0.05,27.09,0.1
01_track_199.smt2,120.0,0.04,2.61,0.06
01_track_20.smt2,120.0,0.03,3.48,0.05
01_track_200.smt2,0.48,0.03,1.8,0.05
01_track_21.smt2,1.15,0.05,20.27,0.05
01_track_22.smt2,0.75,0.04,5.2,0.06
01_track_23.smt2,120.0,0.06,96.12,0.05
01_track_24.smt2,1.85,0.07,4.42,0.06
01_track_25.smt2,120.0,0.05,3.32,0.07
01_track_26.smt2,30.47,0.04,2.42,0.06
01_track_27.smt2,0.62,0.04,4.36,0.05
01_track_28.smt2,120.0,0.04,35.91,0.07
01_track_29.smt2,1.36,0.05,8.16,0.06
01_track_3.smt2,4.09,0.04,8.5,0.06
01_track_30.smt2,10.38,0.04,3.75,0.05
01_track_31.smt2,7.69,0.04,4.06,0.05
01_track_32.smt2,1.05,0.04,2.43,0.06
01_track_33.smt2,120.0,0.04,3.4,0.06
01_track_34.smt2,0.89,0.04,2.69,0.06
01_track_35.smt2,120.0,0.07,28.08,0.06
01_track_36.smt2,120.0,0.04,120.0,0.07
01_track_38.smt2,1.97,0.04,2.83,0.06
01_track_39.smt2,120.0,0.04,63.85,0.06
01_track_4.smt2,0.59,0.03,2.08,0.05
01_track_40.smt2,1.62,0.04,3.28,0.06
01_track_41.smt2,120.0,0.04,23.87,0.05
01_track_42.smt2,120.0,120.0,5.56,0.06
01_track_43.smt2,120.0,120.0,30.21,0.1
01_track_44.smt2,0.49,0.02,1.41,0.05
01_track_45.smt2,1.07,0.04,30.15,0.05
01_track_46.smt2,120.0,0.05,10.19,0.06
01_track_48.smt2,0.58,0.04,2.39,0.05
01_track_49.smt2,0.82,0.04,1.62,0.05
01_track_5.smt2,0.9,0.04,19.35,0.05
01_track_51.smt2,1.23,0.03,24.06,0.05
01_track_52.smt2,1.7,0.04,1.74,0.04
01_track_53.smt2,120.0,0.08,4.57,0.06
01_track_54.smt2,120.0,0.04,23.68,0.06
01_track_55.smt2,120.0,0.04,5.14,0.14
01_track_56.smt2,1.73,0.03,3.27,0.06
01_track_57.smt2,1.21,0.04,10.36,0.05
01_track_58.smt2,1.67,0.05,4.12,0.06
01_track_59.smt2,120.0,0.05,5.1,0.06
01_track_6.smt2,120.0,0.06,5.37,0.06
01_track_60.smt2,120.0,0.05,2.73,0.07
01_track_61.smt2,1.2,0.04,2.09,0.05
01_track_62.smt2,0.77,0.04,1.61,0.05
01_track_63.smt2,1.74,0.04,3.97,0.06
01_track_64.smt2,120.0,0.05,59.85,0.06
01_track_65.smt2,1.71,0.05,3.23,0.06
01_track_66.smt2,0.69,0.04,6.6,0.05
01_track_67.smt2,5.09,0.04,7.28,0.06
01_track_68.smt2,120.0,0.03,10.26,0.05
01_track_69.smt2,120.0,0.04,9.25,0.07
01_track_7.smt2,1.23,0.04,6.23,0.06
01_track_70.smt2,120.0,0.04,105.08,0.06
01_track_72.smt2,120.0,0.04,8.91,0.06
01_track_73.smt2,120.0,0.03,11.56,0.05
01_track_74.smt2,1.61,0.03,6.44,0.06
01_track_75.smt2,19.02,0.04,3.78,0.05
01_track_77.smt2,120.0,0.05,4.6,0.13
01_track_78.smt2,0.67,0.02,1.71,0.05
01_track_79.smt2,3.9,0.03,10.6,0.05
01_track_8.smt2,6.2,0.04,3.28,0.06
01_track_81.smt2,1.74,0.04,9.82,0.06
01_track_82.smt2,120.0,120.0,3.83,0.06
01_track_83.smt2,0.58,0.04,1.7,0.05
01_track_84.smt2,0.95,0.04,3.11,0.06
01_track_85.smt2,5.49,0.03,9.8,0.05
01_track_86.smt2,0.75,0.05,28.42,0.05
01_track_87.smt2,120.0,0.04,4.21,0.06
01_track_88.smt2,11.77,0.1,4.1,0.06
01_track_89.smt2,0.52,0.03,1.77,0.05
01_track_9.smt2,0.89,0.04,5.96,0.06
01_track_91.smt2,120.0,0.04,10.2,0.05
01_track_92.smt2,120.0,0.04,21.11,0.05
01_track_93.smt2,120.0,0.04,26.63,0.05
01_track_94.smt2,2.44,0.03,1.94,0.05
01_track_95.smt2,120.0,0.04,4.27,0.05
01_track_97.smt2,0.87,0.04,2.01,0.06
01_track_98.smt2,1.59,0.04,10.34,0.05
01_track_99.smt2,0.74,0.04,29.07,0.05
02_track_1.smt2,120.0,120.0,5.68,0.09
02_track_2.smt2,120.0,120.0,120.0,1.82
02_track_3.smt2,120.0,120.0,120.0,15.92
02_track_4.smt2,120.0,120.0,120.0,120.0
02_track_5.smt2,120.0,120.0,3.89,0.06
02_track_6.smt2,120.0,120.0,69.61,0.29
02_track_7.smt2,120.0,120.0,120.0,120.0
02_track_8.smt2,120.0,0.06,2.19,0.06
02_track_9.smt2,120.0,120.0,120.0,120.0
03_track_1.smt2,120.0,0.06,2.36,0.05
03_track_10.smt2,1.06,0.08,1.95,0.05
03_track_100.smt2,0.78,0.04,2.13,0.06
03_track_101.smt2,1.63,0.04,2.52,0.06
03_track_102.smt2,0.77,0.04,2.16,0.06
03_track_103.smt2,120.0,0.04,1.83,0.06
03_track_104.smt2,0.56,0.04,1.81,0.06
03_track_105.smt2,0.61,0.05,1.84,0.05
03_track_106.smt2,0.55,0.04,1.9,0.05
03_track_107.smt2,0.65,0.05,2.1,0.05
03_track_108.smt2,0.68,0.04,1.98,0.05
03_track_109.smt2,120.0,0.05,22.5,0.06
03_track_11.smt2,0.62,0.06,1.39,0.05
03_track_110.smt2,120.0,120.0,2.24,0.06
03_track_111.smt2,4.26,0.05,2.32,0.05
03_track_119.smt2,1.31,0.06,2.85,0.06
03_track_12.smt2,0.62,0.06,1.51,0.05
03_track_120.smt2,1.48,0.05,2.08,0.05
03_track_121.smt2,120.0,0.21,59.54,0.07
03_track_122.smt2,120.0,0.07,6.24,0.06
03_track_123.smt2,76.03,0.08,57.66,0.06
03_track_124.smt2,120.0,0.05,27.38,0.05
03_track_125.smt2,3.6,0.06,29.8,0.06
03_track_126.smt2,0.65,0.03,1.66,0.06
03_track_127.smt2,0.66,0.04,1.67,0.05
03_track_128.smt2,120.0,0.04,2.12,0.05
03_track_129.smt2,0.84,0.04,2.21,0.06
03_track_13.smt2,0.66,0.05,1.57,0.05
03_track_130.smt2,11.59,0.05,2.62,0.06
03_track_131.smt2,111.15,0.07,20.69,0.05
03_track_137.smt2,7.24,0.06,5.32,0.06
03_track_138.smt2,120.0,0.1,120.0,0.07
03_track_139.smt2,120.0,0.15,120.0,0.08
03_track_14.smt2,0.6,0.07,1.41,0.05
03_track_140.smt2,120.0,0.1,120.0,0.07
03_track_141.smt2,120.0,0.05,2.29,0.06
03_track_142.smt2,120.0,0.17,120.0,0.09
03_track_143.smt2,120.0,0.14,120.0,0.09
03_track_144.smt2,0.55,0.04,1.63,0.05
03_track_145.smt2,120.0,0.18,120.0,77.98
03_track_146.smt2,52.19,0.08,3.47,0.07
03_track_147.smt2,0.67,0.04,2.16,0.06
03_track_148.smt2,120.0,0.05,2.12,0.06
03_track_154.smt2,120.0,120.0,120.0,0.07
03_track_155.smt2,120.0,0.12,120.0,0.14
03_track_156.smt2,120.0,0.14,120.0,0.07
03_track_157.smt2,120.0,0.1,120.0,0.07
03_track_158.smt2,120.0,0.08,5.58,0.06
03_track_159.smt2,2.7,0.06,21.52,0.06
03_track_16.smt2,120.0,0.08,1.51,0.06
03_track_160.smt2,120.0,0.05,3.36,0.06
03_track_161.smt2,1.49,0.05,2.89,0.06
03_track_162.smt2,120.0,0.05,3.0,0.06
03_track_165.smt2,120.0,0.05,6.46,0.06
03_track_166.smt2,120.0,0.1,120.0,0.07
03_track_167.smt2,120.0,0.08,120.0,0.09
03_track_168.smt2,4.68,0.06,24.81,0.06
03_track_169.smt2,120.0,0.11,56.88,0.07
03_track_17.smt2,0.54,0.04,1.53,0.05
03_track_171.smt2,4.9,0.08,116.98,0.06
03_track_172.smt2,120.0,0.09,120.0,0.06
03_track_173.smt2,120.0,0.09,113.66,0.06
03_track_174.smt2,120.0,0.2,26.57,0.09
03_track_175.smt2,120.0,0.1,120.0,0.06
03_track_176.smt2,120.0,0.07,21.95,0.06
03_track_177.smt2,0.65,0.05,1.58,0.05
03_track_178.smt2,120.0,0.1,38.07,0.07
03_track_179.smt2,3.59,0.07,5.9,0.06
03_track_181.smt2,1.36,0.05,20.41,0.06
03_track_182.smt2,120.0,120.0,120.0,0.1
03_track_183.smt2,120.0,0.06,120.0,0.06
03_track_184.smt2,120.0,0.05,2.51,0.07
03_track_185.smt2,0.86,0.05,1.97,0.05
03_track_186.smt2,120.0,0.09,21.87,0.06
03_track_187.smt2,120.0,0.2,120.0,0.08
03_track_189.smt2,120.0,0.13,120.0,0.09
03_track_19.smt2,41.0,0.06,1.71,0.05
03_track_191.smt2,120.0,0.1,120.0,0.07
03_track_194.smt2,0.65,0.04,1.96,0.05
03_track_195.smt2,120.0,0.15,120.0,0.07
03_track_196.smt2,120.0,0.19,120.0,0.08
03_track_197.smt2,120.0,0.04,2.17,0.05
03_track_198.smt2,0.72,0.04,1.98,0.05
03_track_199.smt2,120.0,0.13,120.0,0.09
03_track_2.smt2,120.0,0.06,2.1,0.05
03_track_20.smt2,120.0,0.06,1.77,0.05
03_track_200.smt2,120.0,0.29,120.0,0.09
03_track_21.smt2,2.56,0.06,1.92,0.05
03_track_22.smt2,120.0,0.08,1.73,0.05
03_track_26.smt2,120.0,0.05,2.14,0.05
03_track_27.smt2,120.0,0.07,2.4,0.05
03_track_28.smt2,120.0,0.07,3.07,0.05
03_track_3.smt2,120.0,0.06,2.52,0.05
03_track_30.smt2,120.0,0.06,2.02,0.05
03_track_31.smt2,70.64,0.06,1.84,0.05
03_track_32.smt2,120.0,0.06,2.18,0.05
03_track_33.smt2,120.0,0.06,2.02,0.05
03_track_34.smt2,120.0,0.08,2.07,0.05
03_track_35.smt2,120.0,0.07,2.09,0.05
03_track_36.smt2,120.0,0.06,2.16,0.05
03_track_37.smt2,120.0,0.05,1.94,0.05
03_track_38.smt2,120.0,0.05,1.9,0.05
03_track_39.smt2,120.0,0.05,2.38,0.05
03_track_4.smt2,120.0,0.06,2.5,0.05
03_track_41.smt2,2.02,0.06,1.88,0.05
03_track_42.smt2,50.47,0.05,1.86,0.05
03_track_45.smt2,120.0,120.0,2.86,120.0
03_track_46.smt2,120.0,120.0,120.0,120.0
03_track_47.smt2,120.0,120.0,5.99,0.07
03_track_48.smt2,120.0,120.0,120.0,0.35
03_track_49.smt2,120.0,120.0,116.66,0.06
03_track_5.smt2,120.0,0.05,2.09,0.05
03_track_50.smt2,120.0,120.0,120.0,0.14
03_track_51.smt2,120.0,120.0,3.69,0.07
03_track_52.smt2,120.0,120.0,26.25,0.06
03_track_53.smt2,120.0,0.08,3.08,0.06
03_track_56.smt2,120.0,0.06,3.05,0.07
03_track_57.smt2,120.0,120.0,120.0,0.09
03_track_59.smt2,120.0,120.0,120.0,1.83
03_track_6.smt2,120.0,0.08,2.23,0.06
03_track_60.smt2,120.0,120.0,120.0,120.0
03_track_61.smt2,120.0,120.0,120.0,120.0
03_track_62.smt2,120.0,120.0,3.75,1.73
03_track_63.smt2,120.0,120.0,68.04,0.07
03_track_64.smt2,120.0,120.0,7.99,0.06
03_track_66.smt2,120.0,120.0,120.0,120.0
03_track_67.smt2,120.0,120.0,120.0,0.12
03_track_68.smt2,120.0,120.0,120.0,0.08
03_track_69.smt2,120.0,120.0,120.0,0.08
03_track_7.smt2,0.54,0.05,1.61,0.05
03_track_70.smt2,120.0,120.0,101.36,0.06
03_track_71.smt2,120.0,120.0,3.26,0.06
03_track_75.smt2,120.0,120.0,120.0,120.0
03_track_76.smt2,120.0,120.0,120.0,0.07
03_track_77.smt2,120.0,0.09,120.0,0.06
03_track_78.smt2,120.0,120.0,120.0,120.0
03_track_79.smt2,120.0,0.07,120.0,0.07
03_track_8.smt2,0.64,0.06,1.42,0.04
03_track_80.smt2,0.53,0.03,1.52,0.04
03_track_81.smt2,120.0,120.0,5.35,0.07
03_track_82.smt2,120.0,0.14,120.0,0.09
03_track_83.smt2,120.0,0.14,120.0,0.07
03_track_84.smt2,120.0,0.14,120.0,0.08
03_track_85.smt2,120.0,0.06,4.45,0.06
03_track_86.smt2,120.0,0.06,39.16,0.05
03_track_87.smt2,120.0,0.06,110.53,0.06
03_track_88.smt2,120.0,0.07,36.9,0.07
03_track_89.smt2,0.79,0.04,1.94,0.06
03_track_9.smt2,0.93,0.05,1.8,0.05
03_track_90.smt2,120.0,0.04,2.34,0.05
03_track_91.smt2,0.6,0.03,1.69,0.05
03_track_92.smt2,1.11,0.08,2.27,0.06
03_track_93.smt2,0.76,0.04,2.08,0.06
03_track_94.smt2,0.65,0.04,1.85,0.06
03_track_95.smt2,0.66,0.03,1.79,0.05
03_track_96.smt2,0.63,0.09,2.02,0.05
03_track_97.smt2,3.58,0.05,1.98,0.06
04_track_1.smt2,0.55,0.03,1.32,0.05
04_track_10.smt2,120.0,0.13,8.77,0.05
04_track_101.smt2,120.0,0.15,6.36,0.05
04_track_102.smt2,120.0,0.07,3.56,0.04
04_track_103.smt2,120.0,0.07,3.73,0.05
04_track_104.smt2,120.0,0.08,7.53,0.07
04_track_105.smt2,120.0,0.08,2.77,0.05
04_track_106.smt2,120.0,0.94,120.0,3.53
04_track_108.smt2,120.0,0.11,7.61,0.05
04_track_109.smt2,120.0,0.08,4.89,0.05
04_track_11.smt2,120.0,0.63,9.83,0.05
04_track_111.smt2,120.0,0.73,40.24,1.86
04_track_113.smt2,120.0,0.07,3.35,0.05
04_track_114.smt2,120.0,0.04,23.48,0.04
04_track_115.smt2,120.0,0.61,50.59,2.61
04_track_116.smt2,120.0,0.08,4.72,0.05
04_track_117.smt2,120.0,0.22,120.0,0.05
04_track_118.smt2,120.0,0.17,35.05,0.05
04_track_12.smt2,120.0,0.59,48.5,0.06
04_track_120.smt2,120.0,0.66,9.18,0.05
04_track_123.smt2,120.0,0.11,5.43,0.05
04_track_125.smt2,1.25,0.04,9.95,0.05
04_track_126.smt2,120.0,0.37,8.02,0.05
04_track_128.smt2,120.0,0.8,11.72,0.07
04_track_129.smt2,120.0,0.07,3.17,0.05
04_track_13.smt2,120.0,0.11,4.46,0.18
04_track_131.smt2,120.0,0.06,2.94,0.05
04_track_133.smt2,120.0,0.04,3.29,0.05
04_track_134.smt2,120.0,0.16,44.23,0.28
04_track_136.smt2,120.0,0.7,23.9,0.07
04_track_137.smt2,120.0,0.42,120.0,2.59
04_track_138.smt2,120.0,0.16,9.27,0.05
04_track_139.smt2,120.0,0.69,9.61,0.06
04_track_140.smt2,120.0,0.11,5.2,0.05
04_track_141.smt2,120.0,0.06,3.53,0.05
04_track_144.smt2,120.0,0.05,2.39,0.05
04_track_145.smt2,120.0,0.38,11.18,0.06
04_track_146.smt2,120.0,0.14,5.56,0.05
04_track_147.smt2,120.0,0.06,2.74,0.05
04_track_150.smt2,120.0,0.13,7.6,0.05
04_track_151.smt2,120.0,0.07,4.09,0.13
04_track_152.smt2,120.0,0.16,4.96,0.05
04_track_153.smt2,120.0,0.05,2.33,0.05
04_track_154.smt2,120.0,0.07,4.18,0.06
04_track_155.smt2,120.0,0.74,13.83,0.06
04_track_157.smt2,120.0,0.07,3.71,0.05
04_track_159.smt2,120.0,0.11,4.35,0.05
04_track_16.smt2,120.0,1.46,17.18,0.07
04_track_160.smt2,120.0,0.07,4.5,0.05
04_track_161.smt2,120.0,0.07,3.66,0.05
04_track_162.smt2,120.0,0.05,13.17,0.06
04_track_163.smt2,120.0,0.9,120.0,0.06
04_track_164.smt2,120.0,0.16,6.71,0.06
04_track_166.smt2,120.0,0.32,8.22,0.05
04_track_167.smt2,120.0,0.24,6.49,0.05
04_track_168.smt2,120.0,0.34,8.18,0.05
04_track_17.smt2,120.0,0.08,4.12,0.05
04_track_171.smt2,120.0,0.33,120.0,0.81
04_track_172.smt2,120.0,0.05,1.78,0.05
04_track_173.smt2,120.0,0.08,3.2,0.05
04_track_175.smt2,120.0,0.06,2.94,0.06
04_track_176.smt2,120.0,0.76,56.92,5.66
04_track_178.smt2,120.0,0.09,1.89,0.04
04_track_18.smt2,120.0,0.06,2.57,0.05
04_track_180.smt2,120.0,0.12,5.66,0.05
04_track_181.smt2,120.0,0.4,7.89,0.05
04_track_183.smt2,120.0,0.36,7.09,0.05
04_track_185.smt2,120.0,0.55,32.71,0.06
04_track_186.smt2,120.0,1.08,50.0,5.15
04_track_187.smt2,120.0,0.09,4.8,0.05
04_track_188.smt2,120.0,0.07,4.09,0.05
04_track_189.smt2,120.0,0.71,120.0,4.81
04_track_19.smt2,120.0,0.07,3.01,0.05
04_track_190.smt2,120.0,0.11,5.68,0.05
04_track_191.smt2,120.0,0.07,2.65,0.05
04_track_194.smt2,120.0,0.54,7.03,0.06
04_track_195.smt2,1.0,0.09,1.39,0.05
04_track_196.smt2,120.0,0.04,2.33,0.06
04_track_198.smt2,120.0,0.16,5.1,0.05
04_track_199.smt2,120.0,1.83,85.82,9.5
04_track_2.smt2,120.0,0.04,2.39,0.05
04_track_20.smt2,120.0,0.05,3.77,0.05
04_track_21.smt2,120.0,0.07,4.03,0.05
04_track_22.smt2,120.0,1.5,15.89,0.06
04_track_23.smt2,120.0,0.06,2.35,0.04
04_track_24.smt2,120.0,0.14,5.54,0.06
04_track_25.smt2,120.0,0.08,4.78,0.05
04_track_27.smt2,120.0,0.07,50.35,0.07
04_track_28.smt2,120.0,1.01,38.38,0.06
04_track_31.smt2,120.0,0.14,5.83,0.05
04_track_32.smt2,120.0,0.04,7.05,0.05
04_track_33.smt2,120.0,0.08,4.5,0.06
04_track_35.smt2,120.0,0.05,3.55,0.06
04_track_37.smt2,120.0,0.54,8.61,0.08
04_track_38.smt2,120.0,2.48,95.29,21.38
04_track_4.smt2,120.0,0.15,3.64,0.05
04_track_40.smt2,120.0,0.66,55.54,3.23
04_track_41.smt2,120.0,0.39,8.98,0.06
04_track_43.smt2,120.0,0.03,5.4,0.05
04_track_44.smt2,120.0,0.05,2.5,0.05
04_track_45.smt2,120.0,0.08,3.41,0.05
04_track_46.smt2,120.0,0.32,9.63,0.07
04_track_47.smt2,120.0,0.16,5.29,0.05
04_track_48.smt2,120.0,0.6,50.69,5.27
04_track_49.smt2,120.0,0.09,120.0,0.21
04_track_51.smt2,120.0,0.06,2.5,0.05
04_track_52.smt2,120.0,0.07,4.58,0.05
04_track_53.smt2,120.0,2.24,20.3,0.08
04_track_54.smt2,120.0,0.1,4.15,0.05
04_track_56.smt2,120.0,0.07,4.77,0.06
04_track_57.smt2,120.0,0.09,4.95,0.08
04_track_59.smt2,120.0,0.07,2.85,0.31
04_track_60.smt2,120.0,0.06,2.09,0.49
04_track_61.smt2,120.0,0.13,5.81,0.51
04_track_63.smt2,120.0,0.85,94.74,7.02
04_track_64.smt2,120.0,0.09,5.46,0.07
04_track_67.smt2,120.0,0.04,4.96,0.09
04_track_68.smt2,120.0,0.57,6.95,0.06
04_track_7.smt2,120.0,0.03,2.16,0.07
04_track_70.smt2,120.0,0.08,4.38,0.06
04_track_71.smt2,120.0,0.21,7.52,0.07
04_track_72.smt2,120.0,0.07,3.62,0.06
04_track_73.smt2,120.0,0.04,3.58,0.07
04_track_74.smt2,120.0,0.15,5.08,0.06
04_track_76.smt2,120.0,0.33,6.34,0.07
04_track_77.smt2,120.0,0.09,4.96,0.07
04_track_78.smt2,120.0,0.08,5.9,0.07
04_track_79.smt2,120.0,0.37,10.55,0.08
04_track_8.smt2,0.69,0.03,3.68,0.06
04_track_80.smt2,120.0,0.06,3.33,0.07
04_track_81.smt2,120.0,0.07,5.8,0.11
04_track_82.smt2,120.0,0.1,5.19,0.07
04_track_83.smt2,120.0,0.08,6.36,0.07
04_track_84.smt2,120.0,0.37,8.4,0.07
04_track_85.smt2,120.0,0.31,6.56,0.06
04_track_86.smt2,120.0,1.55,17.11,0.11
04_track_87.smt2,120.0,0.04,2.87,0.07
04_track_88.smt2,120.0,0.68,11.06,0.07
04_track_89.smt2,120.0,0.16,6.71,0.07
04_track_9.smt2,120.0,0.13,6.23,0.27
04_track_90.smt2,120.0,0.16,9.08,0.07
04_track_91.smt2,120.0,0.08,2.96,0.08
04_track_92.smt2,120.0,0.06,2.69,0.07
04_track_94.smt2,120.0,0.05,120.0,0.08
04_track_95.smt2,120.0,0.13,5.93,0.06
04_track_96.smt2,120.0,0.06,3.42,0.07
04_track_99.smt2,120.0,1.54,120.0,13.37
